MovieID,OnlineMovieID
2F49D5AF-B5C1-4B87-B426-002881C6B2DC,06C5ED5A-91B1-4A49-98A6-EF132FEFD2CA
3F0E40A9-330F-40A9-968D-008A68597FA6,D7E0FA4B-AAD7-4BA1-BCE9-477203C3947C
DE31D122-4694-4C89-8E91-00B8CB80A3B4,6F3060D4-F1C5-4B23-912D-C3D4B9560C63
FCE022F4-135C-4C3C-8D9B-00D4DA58FCCF,3B44932A-3B12-4A37-9085-D6EA6D278BA2
CA1EB6CA-9D55-41C9-A9FF-0100A19D1ABC,48F99583-CE75-41FB-9324-54955F15A244
672B5A1C-F5B3-45A0-9919-011BB1E85A65,B7B30D5F-F219-4941-B534-7D8F7C88BC3D
E0FBCA9E-0B78-4632-B411-01D726B417AF,402214F4-B099-453A-BEAB-62CA6DC530D0
71222958-647C-47F7-AC53-02AB4151D69E,BDD80CD9-5967-49F2-8A96-659A6B62D2DD
FB357EF8-93AA-40F0-BC7B-038241B0FB2E,F22E64B7-235E-4AEB-82C2-03E32F86654D
135922F5-9314-4AAF-AF75-03A8423474C2,02216411-F84E-42A1-82FF-56784AD0F800
583ECFFF-1497-4043-B2B0-040A0FD4754A,15F06A21-2525-4363-987E-88FEB38FF4F4
C48F6912-8106-4639-A65E-0545CF0A9967,A6FE5518-4B6F-4A16-9407-9D8A3DA0271E
4C25BC9C-2F81-45F0-BE71-0554A0BB0533,4B1AB066-ACF8-448D-B740-0A8D0D6BAA31
FA408465-EF4C-4D5A-8DAB-05568CF3799C,10ADB54B-AC9C-4A8B-A921-F9BD8ECB3988
BEFB9A86-4768-49B0-AF74-0573FD17AEFA,BBCEF222-A46E-4E3B-82B7-07B084E68D8E
96277365-56BD-44BC-8913-05CFEDA82297,FEE0D594-7E44-43E7-A55A-DDB0421642A3
D5B0D312-C9D8-41FE-91F4-06769A200666,75A239BE-14A4-46F0-8D85-6C6BD8A8D846
3F696700-655B-4D75-B1EB-067DB16C6F78,59411568-EB5D-4B68-98C3-4DB233557ACF
4B434B33-3EEE-4B8F-9E67-06B1760A28C7,5D123492-007C-44AB-9164-E86D92DD4BB7
BCA00995-A1D7-48B1-ABEE-06BD8404A7C5,B82CC005-C67E-4669-B952-399DB132877D
A4AE4E70-DB8D-4EF4-B5F6-08193198BA1E,D19B994B-3A56-4B60-834D-EFF4EC8A7880
ED1B1EAC-2461-4FE9-B95F-083BCD5963B3,5561EE43-A234-4672-AF3C-E395645DD0AF
C3DDE7F7-A0EC-45C1-AB9B-088094B91498,D2B229A3-776F-49C8-A786-A02D21FBB780
4DFA71AC-6AB2-4AAB-97C1-08EDFF999532,2FF1A868-CCF2-47EF-B015-93593DB057E5
657EE9F1-BDA3-4035-B170-0A09111A1546,F94C5197-A455-4B8A-950C-8E6CD2240715
46673BE0-F600-41A2-AA1A-0B33404DA0C8,85C1085A-BF53-4FB4-B8E9-FC38457D82E5
404BE3ED-17E8-4380-AE20-0B57AB4C28BE,511B04F9-7C3C-434F-8342-9F34B6CEC83A
28C6B2A8-CC0D-41B2-B6D7-0B6B505EDC58,826A8115-45BF-4B57-BC15-8DB178C9078B
594C7E59-8823-4620-B150-0C23254BF26B,1F90ABAF-8B5B-4A99-B482-69B9B8C08445
E35D701F-3083-4FF8-8017-0C3D95E0D123,F29771D4-C26A-4C74-82BF-27E5877B64CA
4AB34F07-4F65-4082-BDA6-0CAA930973FC,76B42F98-77F7-4768-8B33-AF8CFFF42A3D
564FEB5A-347F-4B39-8BB1-0CD53CDB052D,C76460CE-829A-422E-BC85-30D0CB6050CF
F6FF951F-D523-4997-8561-0CE0720695F2,8D1CD16C-A199-4AE9-A889-86E7DDA0F2CC
DF418640-13F5-464E-B84C-0D57CD929D9E,3ED2778C-8B43-4128-B864-640A6380CB09
DC623625-5832-47B2-8EA4-0D8C74A7BE32,40DA70FE-096F-4F2C-8178-ACC80C205DD7
EA810B6F-7F8A-402C-A246-0DBA500E3313,E66CBF80-260B-4EE8-9758-E51DA419E2F8
FF197BEB-DE04-44D2-9344-0DE1ADCD30AB,800D0747-8B7C-4E77-B3BD-D58E3A4AF558
80651D5B-D3AE-40CE-9A07-0E1A9F01BD53,6C952293-B5E1-407C-9C45-D6EBBFD25AEB
89465AEA-E74E-4517-B452-0E9310181E8C,ED84EDBB-C57E-49CE-9730-0CC2BC58B405
77A02295-25C3-4C08-B3CC-0EA7CE7F8DA7,0B5D0012-14B6-49AD-A14C-88DDD41BD72D
B27DFD75-2BB3-4997-B441-0EBF742E29B5,E65C0877-41E9-4559-A26C-B87097F78E10
9E13AF39-F6BF-4BE3-A584-10C759203B55,BEE095EE-4035-4E4D-A194-93EE655D6ED7
BBF2B8B8-0B05-45F0-87A5-10C86CB2E024,0A920005-8A52-45AA-957E-7023A95B6EBF
87B30D32-56A0-4CFE-85D2-126F87791219,27116197-5673-4021-83ED-FE59F7D132C1
30D82692-3517-4B7C-A1AF-12FE57844237,A3DACADE-802D-4906-B1EF-7D43C75BD242
D20D9DE8-A588-41BB-BCEC-130B554385CA,209CE6E7-65C3-4449-AC0C-098421C809D8
86A9EE14-1895-4556-9876-13866EEB983D,4E76B2E2-0A86-4F5C-A2BC-711BEBCB5FE6
54DFB855-7525-4F1F-BFD5-13DCCE8A6AA9,D8C92C80-59B1-4DE7-95CF-E5A554A7C6ED
4D1C6020-A529-42A9-8342-13E763C5816D,0B6FDE10-E07A-4180-A247-6E85A9BA4D58
9662B2A6-108F-4310-B795-144526998BD0,2898C498-452A-4C99-9C59-430F738EE23A
27ADBC6F-A14E-42DE-9899-1491AF11931D,3C9E8EFC-7FD5-4770-A06E-46E9DF0401DB
8FC11FB3-256C-4836-917F-14BF215AEFB1,F218B170-1E10-42AC-8666-DD097BFA4429
3AE32733-BB41-47DB-B010-14EE6FECBFAE,04A57309-8A41-4B19-A511-0820F1749C78
ABA861BA-14D1-4DFA-88A4-15058B26244D,133D1F6C-C2BD-4F0D-8DF1-5523EDEB2F73
225030A2-F981-4963-9DA7-151349B7687A,C5621AE5-DBFD-4510-BA2C-0CACCAD55D7B
A44D919C-A693-4399-BDA2-15378F010A4A,06AC5241-43B3-49C8-B703-CEE79448F919
B477650D-C9DD-4EB8-B8A2-1551BB2555C9,C22A5690-EE19-4448-A074-94DAC649E457
B8FA0D27-71E6-44BF-85F3-157DB5AF6004,A4A6DDBC-FF5A-4CE9-9216-FF3E11DC097D
ED4ED7A6-257A-47FE-B121-15C00F29C37B,37D8E5DC-63F6-4BF3-8CBB-57EC32826E02
23B3248E-F2E6-43B5-B7E4-162525C1C61A,E9297C2A-484E-4819-9BC7-6C676DE9B69F
0E6CC903-446F-4AD4-90C2-16546E3A6CF4,E694FA05-B65A-4AC4-BA13-AEC33233A9A9
955D0498-D69B-49D2-AFBD-168880BB4B97,1FD1B5E2-8CEC-42DD-B931-DAC2666FE7C5
38DC075F-8E40-488A-9BF0-17B7730D58E5,ED221066-4C0C-4E87-96FA-95FA7D7767A7
08F176D2-DD9C-47A2-8B32-17E39AC6146F,1727E58B-69E3-4550-AE19-17797BC84530
D6075C13-27B4-4450-AB6D-180E73920EEB,2957A032-2279-484E-A36C-F21ACBC74205
D2136C7D-2691-4281-8149-1814E9092AA2,9CD451F9-0715-4C10-9A85-B73739744345
012A4701-86D5-4681-8EDD-184B62926B53,1B0CF7B4-68C7-44DC-B779-31E41E7AE17A
DF754167-115D-48B1-AD59-187FEE4E1A68,C2F8F884-3EC2-46B2-B9C7-1CAA1ACC45DF
7C955461-4C00-4896-A427-18AB80D26C68,09F0B1B5-A7FE-4B87-838F-E8B560EA8075
06321219-55FF-4E50-AB7C-18B67ED6F113,A35BF1A1-525E-4BF1-8C30-267DDAC4D402
FC856FD2-4D66-4DFC-99BC-18C2D36169DF,E6ED4320-B1A7-45D0-B3AA-3F6774E719D1
D705F543-65F8-413D-9210-1912045472DB,D200830C-7FFD-42EB-BC6F-36181C874DFC
8C1E7B6F-86AA-447B-9A55-19292B931863,AEA27900-F7FE-47AB-A967-61A767D7BB1D
A60D3393-3C91-445D-8817-19682BCCEA8E,C56390CA-F509-402C-BBB8-22C5F6ACD923
18D1C758-2F4A-4A5A-9832-19F18F4771C0,FFC6B87A-C014-41C6-90E9-1E1F23E04D55
B7F58C29-2B4A-43CF-9B43-1A29E51EA6FE,2189F13E-217E-4A79-BDE9-8DC1D9E1ADCD
D3B5008E-3377-4590-ABFE-1A3A631723A7,00BBDC8D-D96D-49EC-81A3-E888E28B54C0
D8426A74-DD99-4B64-A817-1B3205474C7F,B0990B33-7C1E-4DED-971A-F5F3C46EE0FF
1906292E-DA5E-4D54-8EE5-1BE23BA2CF1B,26E5F3AF-37E1-4F1D-AF82-7751942E64AC
8F6BE3F1-468B-4EA1-A7F3-1CAAE88BFBB3,39DFFE0B-071C-4061-8A6D-3E38BDED6BB0
6199C9C7-79AA-42C2-B5B8-1DCC08C43BEE,BBC181F6-1F70-496E-9A50-96D13B2209B6
D21EA9A8-3A1E-4542-B2EB-1DCFA665100F,EEB8EC58-CF68-4306-B93D-0DEC2BF4609E
0D118D79-D63D-44B1-8C78-1DE4F6CD2D5F,87CF1C7E-ADF1-4B70-BD2D-269FC054A66E
9B6ADE5A-5F7A-43FE-981E-1E9017224206,8FBCFD05-E7EA-4C03-AC86-66F974695409
DF529A5A-C117-4ED5-8242-1E969BBC55F8,10035AB0-DA93-4B05-8B54-260038916530
97DB0C7E-95BA-455D-8CD3-1EFDBD7771D3,BED6DC51-4640-4FDC-907A-B3B9B047418C
72A83260-7CCF-4348-A455-1F62879D85E5,4A2C15B3-ED3F-4B9C-A829-7AD0CECDB85A
C050CB03-0EFA-4801-80E8-1FACF55616BD,5EB5E257-932D-476E-AD45-2C32A49F4C6F
AF3F0B91-E29B-44C3-948A-1FB8F25B8187,1F8556E7-BB39-43BA-A124-546C603E5F25
BC18BFBA-3979-436E-8E3C-1FE4ED5A78D7,F9F625DC-F634-4619-81A0-860DDC7A21AE
80E974EB-D948-4F6A-A4D0-2035E16F83D2,CC354C64-7A0C-44C1-955D-7E0041BD3F6D
F211399C-0ACB-4A07-A46C-20803350461F,BAA37B4C-01F1-4C4B-A78D-C873534488DE
3036E5B6-3A4B-419A-9245-2081CC709D36,7683F74F-FC52-46CA-BE13-243857ACE684
4C2035FE-D034-4857-9A1A-20A49A94537C,4FBE2592-C061-41E4-82B2-8DA2EB3CCDF4
5DB04372-E789-4D87-9454-20CDB0D6978A,8427C934-F6B6-446F-82CA-C0A5A4A4DDD3
C8B4B133-B5E5-4923-B1FB-212F3615E0B8,17BED7E9-F509-41A8-A253-4A4A86774F06
2C669D4A-A31A-421A-9931-21DBBB224A30,0C8BF6A0-BBF4-4B8B-94EB-E920F07CF865
F53C7C4D-D640-454A-8902-21F09DC2F400,C7236761-13BC-4CE5-97A3-A99430955D93
1B2101C4-DB4A-4B9F-8B39-22234F621989,6DC0F656-F135-4F45-B39A-44CC5B4218CA
30AA189A-A5E9-4B3B-8E03-228075C700CB,9FF324E6-5BA1-4030-9ED5-772150EB7A46
11FED0E8-E5D0-43CC-A061-22896E9DAF52,B711C938-6AA3-4B50-B5A2-3EB9183FFA26
4B8F926A-3656-490C-BAB3-229FBE93204B,961731E1-669E-4AED-A5C1-29FE99F21206
0DA4328C-FA3F-4E92-9B03-23862D44FAD3,65754A87-E08B-414E-AD62-2BF6B8B820F9
6FE99E4C-8356-4835-A22D-23FB1FEC1E55,99486856-666E-4953-A941-F1D9A01CA488
C7CF48B9-A5EA-42B8-8C84-2413E863AA6F,1407C235-D81C-4B33-87F0-BD63C60943A5
72DF1D8E-9F3A-487D-BA2B-247D102CB0C6,D6C9D2E4-E9E6-430A-8B7F-F6B590DC381B
26C8951F-5F08-41BB-8724-24A42575B166,B6B939E7-16E9-4658-8B6C-87324F9F6411
D25D6035-8587-445C-B904-24D2E2F50A31,08BF8B54-B1AE-4487-9BA4-21BAE73117BB
C9581C81-5FD9-41FE-97AE-24E51270D863,7C6DEB37-8C5B-4B3E-A265-CA963713D4AD
F9C9C1DE-A344-4E89-B40E-253777CC748E,E3D91BA3-34F3-42AC-BC61-6E4983161E25
FA36B05E-CD4C-48E6-A0D5-25516733FA04,1A1B452C-4E49-4930-8B4A-E2028644D9B2
801A298F-1F45-4645-8E18-25538B54C7D1,8664CA92-5AAD-442C-A723-7F1C9965DCF1
7F32D11A-0D40-4A03-8A76-266C96410177,A1A8EB07-970A-4042-A469-93975CA3FC95
52C58ED4-EC6A-460A-B342-269A99F28355,2756A6D1-FA02-48C7-A326-F8BD3AA8ABCA
8B76A1C4-C9D2-46B6-B461-26A3EBC35308,2F1BE21C-E321-47BF-943F-65BAC163B1D4
84EC3AE0-E74D-439B-A28C-26E49C1F9EEF,77942160-2729-4091-B8DB-63AEE0DCB6F8
D871BE24-ACE0-4EE9-8330-27A2ED81E264,C8328054-9E49-4C11-8E97-7A36219182F0
E8883F89-F20E-45DC-8CAC-2836522BD63A,8E84B861-5608-48C4-B38C-0C88BF49DDEB
B480E543-7183-4E95-889A-284901978723,747E8DCD-40B2-4F48-9497-C46709E8FB36
D1903DD7-2546-4A73-AA6B-285E5E2E9837,79545E87-75D1-4EF7-A769-2175ED4BE6AE
A9379DC7-4F1D-4897-A66A-2907F1F5F613,0211285C-F604-4D5E-925B-29E194989AE3
50585424-1C71-4C8B-A779-2932CBC4A725,5970DE76-2F81-4AF8-85F3-DAA63F197965
854F4F88-55F4-4965-8103-297AE047C0B2,D1547A76-D548-4A00-98C1-E4F4AEBBA3B2
5D51D1F6-0561-438F-A062-2A1FF541A4ED,4C8AC0EA-8848-4F20-BC3D-C8EAE67DFC36
311C18E6-485B-4246-BD22-2A379FFFFFAD,A67B9740-51DD-4971-92D4-4AB83D003F26
B95A1B00-6FF2-4CF2-8A66-2AEDC1A203EB,94D94AAA-62BF-4445-B654-C235017C615F
0663F632-ED33-4685-93A1-2B1B93E0CBC7,ACE4321C-8A6A-4D48-AC8A-1C804728D6DE
3ED381D3-327A-49C9-BA01-2B8C1F911706,393E6FF5-CAD6-4C5D-BC99-0C83F9D31524
B0D67197-A946-4540-B073-2B983B4C9A3A,CB5DE34A-06B3-4160-B837-8537377D01BB
285E2887-F525-466D-8A8C-2BC67EC88095,6B699460-F048-4760-AC55-D32F07E5A5A8
EEED335E-5B08-40D0-AF5F-2BD82AA74162,2792741D-6D2F-4D36-B014-287FDD5C9C7B
6B91C67E-D2E0-4F8F-AD8B-2BDF8AE0BE27,3375F55B-0157-4C2F-B674-EF987C0E695A
7A81478C-5F1E-43E2-BC3E-2C0CA1F1DEF4,BDF69AF6-74BF-4E14-8B3E-79B7D6C7A228
6F34C306-2B8A-4D3D-A07C-2CABDBB7EAC5,B3B300FD-2225-435E-948B-431829FDD127
803779D0-F909-4432-A642-2CB0E3EBB256,27154059-C72B-4298-B4FE-A68EB04A7FBE
4FDD785D-45FA-40C2-A465-2CD5744692AD,BCE89B0C-8699-4E44-A0DF-F03B83ECC603
8E970965-E154-458A-9096-2D56A7B45E77,A6541EA4-B426-4B0C-815E-F592E3735017
D3C95E56-EADD-4A30-970A-2D751849A1B6,B0AF1CB0-7F58-4547-BC04-0378C24B7886
5828A5F9-B5C3-4580-8B1A-2D88FAD3FF82,A1BEEA09-0157-4ACB-A534-FBEBD36A3036
6ED812A6-26CE-4B48-A14B-2F0204A1FDA9,013E0773-B134-4DE9-8CAF-B6AE5F0E2EC3
65492483-A426-4A62-94C8-2F0D16DE8E77,C9F1C4CA-1133-4E5F-A46B-0515988EAE2B
DA5D3DCC-6973-463A-9E09-2F6AD13767AA,BB0E67D2-4BCE-4D6A-838B-4B63A8C8C50F
EEEE8A2A-AE97-46E4-8FB8-2FD42361411E,370664EE-DACF-46CB-80D9-634964899B9C
E8B0988A-988A-4D47-A485-300566B31887,8A55CF2C-105C-48F6-A8FA-E45ED6BDC0CB
52E8909A-5C09-4FBB-886D-301D5D79DCAF,37749C09-1CB9-4E0A-93A5-C58503B6B88E
3F4F06C8-2706-4A89-B0B0-305336ED9D85,68F5F614-3E65-4B40-B9AA-04EF41B1BAB7
BFB1896C-14FA-460F-9427-307A2FCF244A,EB8A5B4E-04B6-4109-B57B-D9948C08E0D7
7DB120CF-1B4E-419C-BA19-30DA9CA714FE,E0D8A526-702B-425C-B58A-9EF243A2C9E4
0C87B85C-D065-4BA6-B949-313BCC2C9AFD,E5F662D2-7E73-414E-9131-41DC3E9D646A
CF87D9B9-4DE6-4395-9C96-324E08A6093D,6FE9D25B-0C58-4E43-8349-559AAA7C6307
C8325E72-F59F-41D1-B9F0-326AC7E95B60,B598AC2E-19EF-4DAD-8AF1-38C921A8DC6E
883F2945-74EF-4128-8E52-332B81206645,06381506-0088-4EC8-AAA6-0E4D30446461
F54A0FE2-AAF6-4DD4-BB1B-334694B7D609,E612B9E4-CA68-486A-BBD9-CC994B212715
2AD4475B-63CD-4D60-8628-349A476FA6CC,9F04CB23-738E-4EE2-9823-5F601333A3A7
97BEAA36-087B-4933-AB87-34BC42CC7AC2,516590C4-0655-4BF9-B47E-6F026C91A1D4
FAC2137F-34AF-462F-A2BD-35745B9ECB93,0B41A6BC-1E8D-487A-A504-1E2454868E98
DE1478F6-2A0B-411F-9525-35CC87745D02,E2C6B191-0C3F-4C82-ADA2-961AF1FBD52B
C417546E-270C-42F4-92AA-36477D997AF5,F1348C29-968C-4BF5-B56E-178D165E4C0A
564D6103-8ABB-4749-8D66-36AF23DC00D7,69412D6E-9EC3-45B1-8018-4A192B44117F
08D37C3F-0735-4C90-B463-36ECE243829E,69832C49-4340-4D97-B477-82F0D015D815
96E585D3-019E-42CE-A2A0-370418F3A17B,A3934548-E709-4580-8841-D1CE7DF3CC2F
FEAADB4E-A144-431A-B634-370618F4038B,77CF907E-A10C-4176-B517-AA67FDE9ED27
0DC563F7-0928-48B9-BF12-3826AE77409C,0A90E3E6-D64B-4CEA-B0B8-15D4AB103E84
CC23E31B-D318-46D9-B44E-3870155417C1,C7661A94-8023-4E27-9666-E7F6DE0E15C9
902911EE-0D4B-41C2-9339-3877FB13B86A,4BB665E0-C7F5-4C08-8368-C91DAA8BCBAC
80F4BBF4-905E-428F-886C-387BC022A8E6,327E4A2A-382A-4DDB-BE55-6E55D43384D0
433CC878-8560-4586-BE02-389E559FBEFF,A72C0956-00D1-4150-B2D3-32C438D7EF06
2ECBF8EE-7D90-4909-ABA4-3A2A3C4DDFCF,16991F68-774C-42BE-A017-D5E3FB4F926C
6D7CDBD2-C0C4-4C19-B59C-3A440F903A01,54A1CA55-82D6-4A50-A138-DB3914FE107F
5409BF93-0A47-46D8-B06A-3B09A3BB1AF8,440A1288-43B9-4392-83A6-435D5D2A7BF3
18F41823-A7C4-4077-9827-3B14660E59AD,CFD467DE-2DCF-40D1-A122-F67BF4FF5FEB
704B4758-9BB8-4BFE-B9C2-3B14A335916C,83074DBB-24AD-4DFC-96A3-901885C7D1D2
6A818E76-EFEA-421B-AD55-3B7624DAC7A0,8DF5BF0A-CFB7-40A7-A657-84D4207E9516
11041FF4-2607-472B-9AF4-3BDC30899214,053EDF31-33AC-49E6-833D-61F70966DEAF
D6C2029E-F022-4EB3-B193-3CC0DF5915B0,49B65856-4A65-4227-B1B9-158DE2C0932B
5B6024AA-A80A-4229-BF85-3D1696EF34CF,E39D9AF9-BE83-494C-841A-70EB0A9DAEE3
2DDB9E71-A9F8-4B41-A64B-3DAA83E5486F,13751602-E2CD-4355-AF19-8DB1654B1034
9C0AF426-7B10-4F1F-95FB-3E88228BE3E9,825B83FB-D285-47C4-A389-C5572CB07D15
D523AF91-3DF7-4451-B0B4-3EDC1CA44BEF,42B83A15-54F3-442C-A0A7-2B2072729F03
8712359D-88E5-400C-945C-3EE165FFF434,E8CA7EA7-9837-427C-A293-EDAF8F21F500
9EE281CD-CB37-41FD-9846-3F0127E4A594,67360A7F-5DA7-4D40-93C8-EBB8BD883AAD
88DCF71F-349D-4E21-8AA3-3F03031F3798,D708AA54-E580-4CCA-BE9E-31F852DA8B3C
E2B4BEFD-CEF3-459B-95B6-3F13B37ABC30,2E9E8674-B12F-48D5-A3B9-2E31466AE209
033B3C7F-FDCA-447A-9B99-3FA9EF2C2D0F,7E50806B-7277-431A-9F07-A5C319E3AAE4
9CAC1026-ABD2-4EB1-9772-3FF3D5862936,5198160F-3484-485B-A398-C592C8F548AF
6AA81139-9F74-4CCE-9696-406E11526F05,4D2662E8-E1A8-473A-A86E-B13C1B6BA6EC
FEDC2FDC-AA27-4F7B-ABF7-4097A817A0AD,C6FEFD19-6AB8-4BA2-B041-45296B5BD427
E7436C0C-B36D-4B3E-85AC-40A14BBB9E3C,71F8A6B9-C438-457B-9D9C-DB469DBCAA59
0F0324DE-40FA-46B5-AEC9-40AE6EA78EFA,23F2E521-8B8D-41F4-A0EF-00E9AEED6CE3
A0A1D650-7769-438E-BACF-40F1B0BFE190,84A8E407-4093-42CC-B851-F760538B28F6
FE090AF2-AD40-4EBC-B766-4105C5D7F824,1CFDFE50-2614-449F-810E-7785CF45BC8C
9CE3AB0E-6969-4675-B1E1-413AB55A2634,10567B27-0F82-4A7E-AFBF-0F499042226C
3F992FAD-A8E3-49A3-8EEC-41B94AF60C66,132C877B-76A8-4327-AC2C-046522CD22FD
B8EA341F-4515-4F53-B20A-41C699C3667C,D44E0C3C-2C15-4B23-AB8B-2EF5C0F14F85
00A90BAF-4E31-4623-AEF8-41EB5D98C1F1,EC539F51-0257-4BE5-ACB5-045CB8640743
A78A8603-CF8A-469B-9A38-41FC64C0339E,C80CA085-6CAA-4234-8B46-6B84C17F6F0C
888DDABE-6842-45E9-9638-41FCA28F683A,DAEBE1BE-08A7-4BF9-9170-C81C5A45A6A0
BEA8259C-5C59-43E7-859D-422AA191FA3D,BD4ED301-8E35-4B8C-9DEC-810C531E990D
F6D7EB40-71DE-43C9-9850-42361B78F008,E439E558-C991-403C-8A8B-DB5852855263
415B73B5-19D7-4A81-9691-42D2DDE8D07A,5A3CCF92-72FD-4511-8AC9-9D253D1BD68C
56623208-1B48-4468-9ABA-43447DF42266,3C0E0E27-9514-432C-88A4-0D84AE8E88D3
17ED07F1-FCA6-4B02-AD04-43480AB073F9,A4DE9EEA-7B26-4F59-BD8B-9E4237E01DFC
22C1F344-C4AD-4EF7-8DE5-44169985C580,B88B2200-A1B3-42CE-9B5B-3FBE9348AA09
35BC4934-87AF-437A-BA0B-44B7161A82FE,23DF3C82-359A-41D3-864A-A1C94201D5B0
0BB64B5E-0872-41B6-BAFE-44F363BBD0FC,1CE5FC98-619F-420E-A56A-F0573D930815
C4E297D7-D067-4F2B-A116-4526796A1321,015943B8-01DE-4E5F-A64F-13175230F80E
AEAA4B56-C36F-48A7-8E3C-4564D55E788B,E1B5384F-06CE-4BA8-9CDB-A8A6D8DDFEB2
C0712358-2EEA-4891-A610-45C72DDDC49F,AB0997B0-9885-48C1-BCB4-D2881F951BD6
152C31C6-F3E8-454B-9B21-461416A89C58,ACE1EAC5-E05A-409E-AAAB-DFB86B0B43F9
F3D4D3AA-B8DD-4E3C-823E-461A3FBDE68A,1DD89069-F5E8-4D10-BDD5-AA0B82AB5AA0
D4C2CA2C-65FC-4182-BDF5-464CCAE53009,DE2EC3A9-B354-442E-A0EE-8CA26CE464C5
502A8AAC-6AC5-4952-BFF5-46531CE4CF93,3E804844-423A-47DA-8D8E-587AA4A0B123
FD2F4BDC-B3D0-4A09-9885-46F8FBD0D65A,705641CF-AEC7-473D-8F77-3DCF8763A96A
E3339F7E-894D-4FC7-BDD9-4747A913D829,2C2F7CA5-B0D0-42E1-A16C-47E35CF17CB6
867743AF-0B95-4C61-B01B-475F22B1392F,EEDB7649-E631-43AC-87F4-F7DD08C0CBCC
654E0ACC-743C-4A36-BA40-4798A2DD0C1B,7E405170-0A63-4B62-A4F2-225293453DE7
55E834AF-987E-4F70-81EE-479A0F72C95F,11A059C3-BC72-4BCF-B4D6-94BC89B9D1DE
1A088E61-63C5-4055-862D-483A4BF1BB4A,BCB7A42E-72EB-422B-8D05-BB6E93981F45
BA0CE574-5E5C-4798-9C2D-48B2387DE50E,613F9DDA-B3BD-4A60-B5AF-39CAB2E10DC5
F52C70E5-5907-44A8-9F35-48C96550A63B,67748D8E-FB2E-4920-9955-99D7CCDCA1CA
EA3364CC-6288-4D65-BCAF-48FCEDFC2CBD,DC059E94-99E1-47D0-9F96-724A5A19470F
1073C7E3-8618-46A8-A20C-4AB637827566,06468C93-1C5C-4B84-B5B3-F1FE9C090BFF
6CC64BBE-B599-4D36-AB18-4AFC1483523C,16FDCC3F-B20F-424A-AC5A-B819F6D088B8
391E1233-5D67-4515-A116-4BC16B49F082,CBB21474-E46D-42DB-BF02-F61971ECAAEF
ED026D86-5339-4AC5-9C4E-4BFFE5FF32F4,96B39BDB-9852-4561-AF51-A05E3048D2CD
FE985DDC-949C-4FAF-9F51-4CA0E4F26EAE,9859D869-C542-4184-B0D3-2C1528E8EF13
00BC0A8A-7B60-47C5-8C7F-4D34E3E43A4C,144696F9-03EC-41FB-B611-C4E417DDFA17
5EAE5FE5-3D41-4608-A7B6-4DA5A5E85C2D,6392F3B0-2FA6-40BE-8B7F-154202A54FE3
5EC41D97-687E-47EF-8C58-4DAF21BF9552,4E06C9C3-B62F-4D7B-B3BC-703A50F0E807
088C3767-2D77-462B-97C6-4E4A5F5D9E49,943C84D0-D322-40BB-9006-4ED2020A4B58
76921A13-F30D-4E86-AADC-4EAF143B5DBF,832F0F2F-DBA4-4CCC-8FD3-A4E99EE97472
0C7B2DF3-0815-4BCC-947A-4F1A2DE4362D,FCB16029-07BD-4375-A1D5-3AB9DC8DE183
BF63EB5C-8D49-4366-A7A1-4FCB46919DB7,95A500A6-8EE7-4903-9CB0-79FE6A5F6D9A
87943B64-CF1C-46C8-AC45-4FD1A319BCD4,B226BCD0-CF96-4DB7-BFB1-21B4D13D98DE
5058BC92-DE43-4A2B-8407-50056895E7E1,A3712B4E-B2BB-40B8-ABDF-6E6A07D57002
6E8C2BE5-3526-4450-B0F8-504C0B6D3E0B,891F601A-CB5B-4141-8915-B76FB50F8207
B06D4E0B-30B3-4957-9CC1-5050601F1AC7,FF7640B1-6AFA-45D8-A7B1-6E4EEE82C086
FC76EE96-3E26-417F-B3AE-505BF739724A,2BBC278A-30FF-407C-846C-6B22587AE446
522CD16C-4403-4B6D-9215-5060C752966C,0DFAE866-1660-4436-96D8-E3A50CCBC4AC
45A05821-6C45-44BE-8C41-506DB3A61186,C1C31F6B-F1A4-4070-8EDE-D488B9E46CD3
D1D16533-0DEE-4009-92A5-50893CC91322,573096EC-B287-4787-A5E5-C9AC55EE4C9A
528F16F8-F095-4683-8473-508AD1CAF789,EF1036AB-8B11-4207-9661-E53B311747FC
CFD4646A-EB1B-4B6F-9892-50D95E79796C,C1402987-BF95-4192-A487-510794E17002
4C69A46A-71B3-4CD7-8BB1-51D20FD7867E,138FFEB1-278A-490C-B0EC-F83B9AB4197D
42FBC8FB-2863-40CD-8C26-522A646E32B5,85BD65AC-419A-43AF-A8BC-A46BED880DDF
1B88C23C-3F4D-4292-A887-527D64F55E09,C882C982-C5A5-4EC1-8329-6E5F54E64323
F2EDB327-0C9B-451F-8B3A-53037BEC4279,07BCB5A8-D5B7-43FB-B049-F96FE9E92169
DCAFB1C9-E947-4BAF-84B4-5332E12760EB,C1807152-525A-43AB-9DE0-92CE0546CB46
93054B71-6049-49B5-B7E7-5348A3045A37,4A918008-BB77-44D2-99C5-7EF40F5434F4
5C430495-82B5-4B5F-841A-53788FFDFA07,13D0AF84-A9F4-4C8E-836C-2D8FD23DEDAC
2EB035B9-E524-466D-B366-5379AB9B274D,FDA2A574-73D6-47FA-A1C7-4135E4832B98
41CCF37F-2A2B-4967-925C-53BF308AA856,F87BE100-6B28-405B-8004-E70FCE49682F
9E3533AF-647B-4B40-8785-5401684C894D,8AA4C1E0-35FE-449E-A79E-2E5F4B216966
2A8B818D-314F-4D38-AB38-540B79482D82,59F88D00-4A3F-4F64-A5F0-71D9ACEAD1C6
6159D374-8968-41BA-9F4F-546DB65FE7FE,F5AB2524-7AD2-48F9-BD4F-6A6D8046D39C
5B9FCC77-3B1C-46B8-9EF8-54AC1C385DDF,21941B6E-25FD-4E69-A39B-5C17C8924037
9093DDC2-A49D-49B5-A9FA-5500C36C8F94,D8D25E56-121F-4514-8B69-F33603EFE553
4E47EEEA-1823-4559-89B4-552E55BE82EE,1C1669B9-E77E-493A-8033-485A7A0F898C
3E5EEEDB-8422-405B-AC4A-5536658F4980,29E34FCF-8236-460A-B73B-844C212478A8
94C97163-59D7-46D0-93ED-55BC82727D82,5DDE57E3-7588-4FEF-8B8D-C80E2EEC93C0
54193F5A-C0FE-4753-A44A-5620CE4E5BDA,86394703-FBE1-4977-AC32-7D809348F641
C113D2AB-51CA-47EE-95EB-562A54EEA9CB,2B0A1BDA-40A9-48E4-815C-07B965854705
B6751982-90B3-42E7-9814-566298C605C1,2A1BFE7D-1ABB-48F4-981E-CBECDFF77CDA
44F4AF56-7C39-4340-B10E-56799D55ED62,985C5FE9-1ECB-4DCE-8E10-2363DAF62429
6762D74F-D9BC-4A83-BBD0-56C6B54AEB48,4676C2A7-4102-4868-A432-5D8771A16121
9E02FFA8-554A-45F4-801B-56DA892C4ED1,2B5B7F65-FCE5-41EB-A808-538C1D0EDFA4
07381262-2925-4A42-AC9E-5721D1CFE0AA,359FCEF2-68B6-4873-B6E3-7E72E3D1399C
C12515FC-DD6F-41B6-904E-573F8E373471,5753B340-F08C-4D61-960A-F14674337F6D
D225A713-76B7-4678-8813-5761AEDABF99,6CF76377-F4E4-4FF5-AEB8-D8B4D1EE376E
53691F17-7EC4-4FAB-BA2F-57A6D0FE2E75,FA5C3A9D-93DF-4EF2-BC08-627FF44670C3
3D909FCC-5549-4ECD-AB44-5865A740E6C3,0F3B5ECA-1A3F-4697-B934-4A32D22FD8B2
4C33970F-E6D3-4421-905A-587E123B9960,641D85C0-779A-4FDB-9D0F-3FECCA058D5A
E549C816-ED5A-4528-8C68-588034AA3B7F,76736FC2-FB0E-4D38-8977-1E51403F9B8F
1BAB47A0-B717-4D4D-B101-58F5BDE22F70,FD658F18-B0E1-4188-94CC-9A63140AE296
14197330-1626-4CE5-91FC-5942A5D5F3D1,B525A4B4-1E38-4620-81A4-677617E1028A
AB15F13E-A9F3-459B-885B-5965EA86C4F3,89C74860-E285-4EC2-B0C3-5C22C9E804C8
7AE698BE-7546-4BDD-9212-59AD1923C06C,42610682-15BE-45CE-88CD-6C521B974B72
D5683943-DF6B-40D3-9DA5-5A01CFC7712E,99F33FB8-458E-423D-9909-60859486E651
5FD9C6CD-C610-4B72-A23C-5A66C2C6BE97,C7373947-8E02-4CE6-8BDD-A05A2E8AEF5C
23C4816E-D08E-4217-9533-5A69897E7848,91E1AC00-A73C-47C4-9125-888FD70FE457
F1DB87E7-B7F0-46DD-802E-5AB27325D6D3,58BF6B09-9438-4315-9F3C-C7B882257533
BFB74D2C-B294-4A18-8A3A-5AFD056890FE,C548C366-990A-466B-A78F-FEAC02DC123F
A8FD478E-5412-47AB-8331-5B03626F517A,6871FD01-757D-4466-B608-556EF8E038F9
5EED95C0-F543-4C84-9556-5B87DB173031,30F9E476-309A-4A41-A287-CC15EA487DE1
0EB1E4FE-AE3E-45CF-95C4-5BFC2A57DEDE,E1F2763E-7E14-4335-8EF1-4EFC58EDBFFC
731D66EC-79A0-46EB-8FD0-5C04F34FBCE6,9EC5E5CB-CB62-4EA0-BB37-C0591B5D3D6A
161244FE-1E4D-4D4F-8913-5C0B6244FC8E,F4DF3729-1B4A-43C9-B48E-EC4C47B23B69
DDBE8A74-94D5-4D05-8A20-5CAB7C1673F0,C5352224-A0FE-4374-944A-E8E1AC6D7D5A
0EB3A3B4-3B1B-4B7B-A9CD-5D6CD4DFF1D9,F3EB4634-5987-4710-81C9-700E45676074
1065B4D6-9143-4706-B117-5D87CE34B9BD,CE66F10D-B79E-4389-A328-F3512A2BED44
6C52073F-43BC-45A5-83AF-5DB20F04FEFD,B70F7C1F-632E-409A-8278-47A4A8193BB2
D24FB590-0298-4745-8BAC-5DBA2CAF6A73,BE112AD3-4987-434A-B723-FDB13B2A9838
94C9FF41-6A93-4194-9D1C-5E10DAACE08E,9EB67A02-B17B-4032-8555-DD91BBF7D231
95EE1EE7-A93D-4866-A891-5E12454BE0AE,65795B4F-82A4-4C8F-86CD-D078BF8C7130
917BBDE5-1BDF-4695-9D22-5E2924AA00F7,1C58A013-8CD8-4E78-A87A-4C27C871EF6E
269D0680-A89A-4913-919B-5E5FF3B8C9D3,4FEB82FA-D261-4A12-9040-06D7AB52C2DD
D7C24AEA-588D-475A-9F55-5EEB3411ABD4,0EDD64AB-576C-4109-A4C8-BCE83EC6E7C8
326D4A69-5A3C-42EC-B3D3-5F0776980AC0,017F2988-D504-499F-BA49-29E12452C0E2
E48C244B-1959-445D-A1AA-5F1D49F8F734,A8D0198F-15CD-44AA-8A0E-1C249F47A772
7D5CB298-9FF2-4D2D-A00E-5F3B4793C27B,ED7E4219-45C5-4163-BF00-BF0B20E7CCFF
F9E76125-99B2-4C21-A6A3-5F99B43A7A9F,E0772EE9-F9D2-42AA-BFBE-63CDD5437D50
C9BB84D2-791E-4E68-BDBB-61328A0053EA,64017246-3955-4BD2-AE4C-22ACCECD402E
4545A1CD-06DB-4478-92ED-618E3776DB71,DB53C369-AA1A-4745-BC60-44331B058191
DF89B7E1-C921-4677-9753-620A078A6338,8BD38F63-47A3-4BE9-BB8D-00E7BC1B3260
B84909D3-BC4C-4423-80BB-6250456FCDF2,4325EABF-EDB4-4877-8358-D6827C2D39A4
A3DC0D76-B034-41C7-B6EB-627969FD56F9,248FDB30-82B5-4C0D-B213-C7DC3D523AF9
A94B6D93-758F-4466-B817-629371CDE178,2713255D-D523-4C4A-AAED-B515993165F4
211BE33C-EE8A-4774-B474-62E3425119F2,8E07866D-C7D2-471A-A90D-D49824A9DE73
85BFAFD0-EECF-4780-89D6-6384D9BB6892,B119E26E-9CAA-4243-B67C-B78ADFE0B793
5FB2DEC1-B4D0-4B60-B972-638F68ADDA58,E05E8CAE-2F8E-4E12-8BD7-5F3A297111F4
D8701C17-D756-43F0-B76E-63BBC46B796D,FEBEE1C5-6942-4945-A664-6BBFFD87DDB8
9409F7E6-6F66-4057-9B7E-63E9ED3F9134,9042C786-65B4-4B50-954B-ECAA18EC5021
5CC88D29-62E1-49BF-A457-640255D05ED3,BAA97638-3F1B-4582-A544-092F63B889A7
4348D269-2DBB-48A3-9F49-64C63BA7EBC0,802DC8E1-3355-409D-88E2-C37DCCE61866
AFB34B9B-B6F1-4B3E-8DF9-64D3E4E51913,C1687CE1-CA09-4DA8-B8A3-D21CC136111E
F14BE989-2B81-4E22-9D9F-64D5DAE404DB,D89936D1-E5F5-41E8-A78B-8FF22E9C1DB2
78B16616-ED5D-43DB-89F0-652840D2F5E3,922B1C37-ECD1-475E-AAE1-9E05262C2B88
F4CEC240-BE57-4C38-8284-65E9ED134D9C,5A0F12A6-9CCF-48AC-8A48-0368D7F9D777
44B643C2-681F-4122-ACB0-6630836DBA47,0A8F07D5-A25B-444C-B62C-D5C3EB52E949
B077F2AA-42DE-4280-A0FC-666FB70686B7,120D3D5F-1F4F-4F89-BCC2-81D2729B6A24
9C8735F9-71E9-4BAA-9793-66842E2341FC,B7DDBD34-10D8-45A6-B3F3-54E1E06E4D1B
53D71062-6BB7-4FD5-931B-66D9F6B51025,92118D52-CF26-4474-A8EB-6BC80A9CD8D9
D2B7AFAF-9A85-44A2-A1E5-66E55B768F58,300E034E-4260-49ED-85E2-39A8D5030713
711AA574-102E-4A40-92B0-66F3D7382F95,1FCF5AFC-9F37-4D7E-9205-C402D9C66F0D
3AB28FD5-E0D8-4A7A-AA3A-6718C91B2F06,E51CDEE2-ED32-4262-A70A-6C04B972DA8D
7315684B-306D-440C-A1AC-6751ABCED1E8,FE410968-5476-4142-AD15-3104986660CC
87458EA1-EB71-450F-B6ED-683454A2CA19,9E544095-5AD5-4645-91E2-79A4A406956D
A0151530-8720-48F5-9697-6841F13CC89C,C1770EAD-EFB3-4CE0-9BBF-E6FC5D7880A6
4C68D77C-085C-4433-9A29-69CBB4444B70,5B89B7F9-4D12-489D-801D-96D0819AAF34
56A10154-BF33-47FE-A70B-6A7444EE791D,A0A2D097-0B1C-48BB-BBED-6D2D3DC1789C
D899CD0F-0B0D-4A9A-BA1A-6B171AAE9A4C,9C07C2F0-1650-4D7F-AE8D-0CB057F128C8
31BAC281-F05C-48AE-979D-6B5EF5128C13,C58C5186-DD36-45D4-970F-E3EC1D00C23B
696E516F-D223-4E80-A6D0-6B77F64DC9ED,434BBD23-0317-4AC4-AB99-0B4D0E166F7C
46A4E0E5-2212-4576-A8B8-6CA6059DD4A3,BBDD8D2E-5ADF-4E86-AFC6-24EB1491CF7F
E00D9394-3D41-4D83-BA78-6CCFDFE4B34B,872EC221-52AE-4E06-97D1-F1C43598210E
A45712AE-B85E-4D3D-A357-6D37BE96E46E,21C30B80-153F-4A70-BE8D-0B612CDB2BAF
B9040AD5-A899-4063-9A88-6ECEADCD11D0,D575C536-293E-413E-AA2F-0AC03FB847C7
C3827339-8786-4F90-B642-6EE824C19ADE,ABA3F386-2786-49EA-84D6-7F7613ECB76C
F1E6889F-8C6A-455E-AE05-6F68FDD192CE,440D048B-F4DC-4698-9898-CB00BE54E352
CC787C68-57EA-40D3-85A0-6F6EFFDCDF50,23B35A19-DFF0-4127-B91F-A53201D85B8C
AB46FC9C-59BB-419A-8834-6F98648188F5,458A4044-F446-46D5-BE3C-7A6CF23D548D
4EBB41F7-D021-49BC-A3F3-6FD507D0DC0F,0D81CCF2-F6C6-4846-9D35-A067965D2671
95B50ED7-483E-4931-9BD5-714DF5509C3A,EF5889D9-8138-4B66-AA09-E8F4C9853DED
11D9C105-F0B0-4042-A3CB-71A2781E69DF,EEDB81EB-340E-4EBC-915E-7F9C8D7E5E1A
F7F9CA0A-64B2-4084-B985-722881DD7185,20F4E31A-5181-44E2-8829-C870FDFF5DAF
22205222-3CAC-4D93-95D7-722F77B3E5E1,6FFC9D4F-CF9B-42E9-ACD7-AACA85B4AEE9
18CDFFA0-D799-459A-8ECA-7353E7454E11,B6F0BCB9-E0AA-40B0-966E-478788496461
F604B13F-511F-49C6-9B32-7397E7DA31E7,2909E7C9-95B8-47AB-AD3C-AAADDAC3F34D
EF328C5C-3FB6-4E06-8838-73C63AC66F30,8CEDBE3B-CDC6-4BF2-8130-9FC7C5E0C1F2
8E34F465-1FB8-4DD5-93A4-73CAB552C4A7,3154B7A6-7C1A-4DA1-9053-3B0286F5AC25
683442C2-0FCD-4CDE-A45B-7439BAB944A2,291674F8-EE55-4899-BD63-8FFF15D502D7
C74E3BAB-299F-4867-BB13-745E94115165,4E045781-EBF8-46E7-A5D2-7F92E056512B
5924FF5F-DBCC-4281-B849-74AB43EF8879,4A4A3B40-BCD5-45C8-8FEA-A9CCC3D4A81F
D6671E00-2BE3-47A3-87EF-74BDF86E53C0,366A6890-0D99-4F82-BFE2-59D94AC4E1BD
E4AC6760-8FBC-417F-8FE7-74C51DA93F31,F5512CA2-63D9-42DC-8571-74EB0693A1A9
82E53E04-AC82-4252-BF57-753E106FE048,E9D18BC9-F0D9-47E4-B72F-0E4E98CC3BE0
19A1CABD-4765-4E42-8837-75CC78633DE1,7C40BF6E-7CEE-41A2-8D66-D4857148F0C1
89AEA912-615F-4A22-B737-75D14240521F,6ED68165-39BD-4477-86EE-744FAA06B98A
0CC53319-0ACD-4F80-AFB2-760D8D1DFD9B,5FE91C68-69AE-41F9-A3F1-B0757F92DCEB
D1061C87-0175-447B-9B92-76188BD71A3C,DBBC51A2-0D03-4FE2-9611-47DE8A6776AC
DBAAEB83-9B94-4521-A3CE-768D5AE973BC,5AF4BE3A-62A1-434A-AD4C-3004EAB9A1D9
AF6AC6CA-D262-4A2B-A868-76B890D2CA5B,2DAA99C1-1778-446E-AF97-0D981AC28933
46AFCFB6-4E2A-47F5-825B-76C584AA957D,B48CA2CC-DE2A-4436-AE34-95FDFB184634
89A56D73-7DDF-42E3-B541-76D0C6BBECFD,DE69FC77-7FE1-46A3-B1B2-84826DD2E066
55008272-E67C-459E-91DB-77A2EBC934BE,0BF3FE4D-F53F-44E6-B523-C7AC0202FF55
976191C7-5407-4846-9065-77D07B29C94C,41917867-EA08-4BC2-8E8E-C2F6D8171A93
58525B3B-7D2F-4773-A81B-781F810121BD,2E9FA728-ACA6-4FDE-B212-2EC86BD7692D
31C6782B-0903-42DE-9922-785D88CECDC4,F1D8B68D-B91C-4816-9148-734E863E4F7A
78422937-0211-44FC-BCE4-787EC985559B,C228E7ED-C31E-43D3-9F42-9801530A5F85
02713FB6-B52E-47F6-B8C3-788831ED1776,D88C7908-2F18-460C-8179-3BB1E3946377
AAF71A94-69C7-497F-A6B7-789489B788CA,67FE921C-2969-4F52-A735-C4888FE7AE10
62BA05B4-2A8D-4035-869E-78E031787524,36B0822E-8202-4800-815A-D347C9DC7145
F92D1C05-5A23-4BD4-97D3-7A3F9F6E70ED,D5A6CCE7-F64C-4415-BD43-69D0D24FEBE2
61945AA9-30D2-4F19-AFD0-7A919F4AC584,4BDAF7AF-84F6-4823-A95F-2A6FD8058923
4D324F36-8AFC-4A29-970C-7B4F9E340E64,77F68F90-2B0D-4E3A-A366-95A4F66FB0A5
BAE03802-14DA-4328-B61D-7B6A53ABF4D3,39096B79-315B-46C4-8DE2-9603B531260B
614A5B6F-0883-49DA-A161-7C294F78398B,5206C70C-B004-4A85-AD9A-BDA28497411C
A4DD00A1-7D35-4511-9970-7CD16E49349E,95ADD37D-C7F6-4314-9C8A-B06ED38BC14E
F0C7BCF7-61C6-4B1F-AD75-7D577CE4E24C,F652DBED-75DF-4FC7-BE67-C118E97BCF84
6F52420F-909C-4A8C-8441-7D5E4350D952,FB48EF87-6647-4545-9104-38BFD7CBDB79
51574A30-1025-42E9-8A55-7D81DCB063A2,5B1B0911-A678-496F-91C1-25797CBB7375
B2B5624D-678F-452E-A533-7DBFAB9B37AD,DE40F874-D576-42D1-B091-17AE50263EDB
0608AC38-D82A-446B-8F2C-7DEC54DC884C,BDCC6EA1-D494-4B6C-BA97-69D3AA6F74B4
587C884A-7B59-4F2E-A01B-7EA24541D2FA,9E926AD9-9C6B-4310-9F0D-7B9EEF4B6791
724CACA2-8D4D-4E43-8FF8-7EDBCC48814E,EB34DA21-244C-49B3-886B-9F641989F829
3B359010-3F2F-4D6B-AA1C-7F9DE4132D82,62DE1F85-4866-430E-BB8C-1CCCC1DF2076
C8BB5F5B-C6EB-4C42-811E-7FCCB6D2619A,C3EA5243-A5F3-41B7-85DA-0C235EAB4A9C
C91CCAC0-5A99-4F02-B742-800D6B6F5C78,104118A8-B0F6-4D84-BD74-C8579DFD637B
2A9F63AA-BE8A-41BA-9D67-80141F455FC0,8CF5E8F2-9756-4424-9DB5-F0EA2BBDD380
3AA6F077-618E-4BEA-A178-806E664FE1CC,947195FA-EDC8-41E8-A8EE-763D2A8FCBAA
8F7803E7-24B8-4948-930E-808F1613B8A5,C38DA6D7-95CC-47E2-8C65-CCD3F96B9503
0E9D752C-664B-42EE-B58B-80BE2CC332E7,8958EA81-D8CF-49C7-8024-CD8C1428675B
F86B318C-883C-4DFA-9932-80D2A6DF07C5,A4E92916-A724-4B35-A747-72FE401B0CF4
4D2CED52-6F8C-4ADA-901D-818F9EEF4AA3,2C05D10D-FDFF-473B-9A6C-1A60ABCFCAA1
60D329EF-9908-41AF-BD70-819F1F4AB5A6,041D8AAC-00E3-4ED7-9EC4-99F04F0DAFDF
37EE22A4-A04E-4EC9-B4DB-81CA67CF24B0,C12DA13E-71CA-4BDD-9F62-4FC70A7B7052
F31575C7-9EE9-4DCA-B778-82300A6B9D0D,450D3D59-A48B-460F-A016-99B29F079CC1
7AAC18CA-FEC8-495D-8807-82C4A9E2FADF,E51EF764-468B-4D16-BC83-6C8315B1CF95
AB4A6310-3B35-4C0C-A958-82D8BB1F4BAF,359399BC-C52B-48D4-B800-731A92983765
1BAE3B3D-12D8-47A1-9321-8314D3F70CC2,732BD5C7-BC2A-4C77-8DF2-3DAB1E9D29D7
D83AF6D9-E80E-4A64-982C-833068DDE4CE,7C433BCE-2241-4D7E-BD6D-A40E838393A6
F39C5332-733F-4905-AFA6-847BF1E659C1,5486ABE4-BD20-4E5F-9E06-1DA449A84CB8
9FBD83E0-6C11-48DC-8E81-8525B94D1112,E6988C94-66EF-4247-9AD4-C081C7596B73
0AF82933-A326-4461-B55D-855A57CD93B8,FD308108-8670-4B9D-A7A7-A93E41A454C9
F0EBE968-38A8-420B-B3F4-85A45A60F446,AFFB870D-BCED-4A5C-88A6-64475BC1C24F
F8EA040B-C316-4A81-B81E-864520403E28,B2C1A78D-4210-47FA-B0CB-217187A5D9B7
CFB813C8-B0EA-4EB8-8087-872EA905C256,E250A44C-ADAC-4FA5-937C-B99B225D32ED
4979A465-82A4-4968-9C39-87BE94CED6A4,57FDBE00-CFCF-4421-BEBE-3C6285E3CF54
4B2AB53B-44D2-4764-A041-87FEC2DC0AAD,B2F709EF-DA14-49A7-A901-C6B6EB2252F5
97A6858C-E5FC-427E-9E93-8816ABBA38D0,632B080B-D313-454B-A0A5-79DB0A730D6A
E0E7C661-3D28-4353-85F5-882C5FA7CC3D,572992CF-9641-4C2E-B71A-BA89DE313010
344A62B1-805D-411E-9D5E-884089591E3D,9D0B3E5B-0288-463A-908C-DBDE4AD41932
1911AE35-E830-4294-AAA5-88A08AB22D95,D702242D-2E19-49DE-B93C-266F9393B4A5
411CBE42-E02A-41A0-B54B-892CCA1A528D,5C1707FA-CB6D-452B-95E0-AFAAAAA31755
90FF4E0F-7002-4E13-A860-896AA674F999,876DD4A3-8DB2-44EF-9798-474C6A8157BD
3C0E1F27-B755-404B-862E-89A92DAAB1AF,BF55A01A-2E2C-4609-AA3D-4C27C83085DF
031A8F10-1868-41AA-9DCE-89ABCD5A24AB,1237C03C-DC64-45A6-9247-C58BD1F14178
254BFE1D-6141-4474-B689-89AFE1DBF55F,BD4C6A8C-78B7-4405-8A0B-35B49A4DDAE6
6917D790-6989-40E5-B540-89CAF2BA2DB0,89729639-FF80-411F-8124-075356B4B3E0
1955B1B4-85B2-4D44-82D1-89CD8A79D5D8,0B70FF9C-89F8-4D02-868D-283C64A505CF
8A6DA9BE-4BC0-4E4A-B03B-89D09D2B6DFD,1D8D3371-C48A-462A-AC86-28450A0B439D
4B30E3D4-667B-4C71-8A0D-8A02D703FDC6,BC340A74-924D-4057-80EA-37FB29D23A0A
7C94E5F5-1AFF-48CF-B7AC-8B26E7B042AB,A23ECB16-9707-42E7-9599-D135846E4074
28C8BC26-4C61-454F-B8C3-8B2DE1053C76,55E207D3-DC47-4FC0-9E82-6AA5C7191242
736932A7-B25A-4B76-B11B-8B5F68829933,D76E4905-4211-48BD-9CF3-4017A6267AED
145B0B39-C367-4FB5-B649-8B7D63CF2367,03CA9728-1F43-4046-8852-99402FBDEBE7
B7CEEC89-42C6-418C-8B17-8CA9E98A994C,D6422A7B-6FD9-44D9-83BF-3CF8B5D4E003
DAC2B903-3DB9-4665-A0A7-8CCF65DD1D43,2469DDD5-CFD1-45B7-BEC1-73E193736599
D9D925B8-FEAD-4292-8B26-8CE143901D5D,770CE1CF-DF4C-4B7A-AF84-7EEAF17A9650
2927E0EE-2CFC-4730-AFF0-8D7AB922A96D,26DA15DF-D987-4E80-B24B-731C2BEEDC19
F8B2EB14-C4FB-47FE-9255-8DD1D3B7F43A,7F8A7786-5FD3-48FB-B675-B129D3488769
7A0DD860-0080-495A-A339-8E328B198B24,701C515F-6A12-4665-9BDC-8FA4F980EE90
A7AEA5F5-8238-4AAE-B2A8-8EA9BA0DF0F4,C0AE0F20-FD0A-4BB1-AFCE-D095B0772B93
2C9749F3-A58D-42C2-86DC-8EC8C822FBAD,A748E04D-5F2A-47A6-BC09-559627C43CE4
147E4C57-6F55-45DE-9637-8F9D62B7F22D,B7BB5712-412B-4B8B-BC8C-FBF252D15B91
C5B57FE6-A033-41C3-9542-8FA15AE51AAD,3AA4DD4A-E47E-4914-B3DB-C22C341AFA0A
99B2AD28-7DDE-45C7-8A3E-8FA25B8E77BB,B160248D-1E74-4F2F-A568-66C453C64A5F
C36D3485-6793-4B38-ACA7-9023289C326A,80F56FE4-54FF-4905-9871-EF508C494C71
E081C915-881E-4EAF-9B39-9026BDC81863,986F7BC7-7EE5-45EF-8311-B142184E0654
046693C1-8EC6-4DFC-AE2B-9085C5F66EDF,7BCA36FE-3DF7-4064-AF29-75C411D6B381
F3FD813E-A4A4-4EA3-8B24-908DAD38C909,AB9534D1-8406-4514-9663-62C68A763AAA
6A3F12A4-6AE1-4ED9-A196-90A5184A7296,D704976D-930E-4C25-A257-4E01444347F1
3C3EA493-39E8-4E45-9585-9121554FFBE6,7D2D1461-BE83-4AC6-9C46-FDA7C721C2B0
6EBE0318-CA42-474B-99D8-913627D14FAC,B430C641-67A7-44D2-8343-58BC6AD8591C
C7C88E6E-9818-4F25-A5A2-913D76BC1AFE,F7F890CE-FEFE-4DA4-A0F7-68F56BD0AB02
15F71768-AA46-40B2-9F1D-918250D10F1D,0BF7D2BB-08FA-457F-BF08-4EA2A51D8836
752A6AC2-744E-407A-907F-9221A8084D7E,62FF03FC-4FC8-438B-9C92-097E5C0AEF56
3566C8BF-6DFE-412F-A34C-9274AE0758DF,EE607719-E868-4D21-BEAD-54D796D8FEC0
C4A1ADE1-1F3E-4739-BFC2-92D66A69262A,DD8870FA-0B90-4512-80B1-7A83BF7BA979
F3CB73D2-5E48-4BBE-B4AD-9353C60667E0,015C7C0B-224E-4C08-A6C0-C62F646DE829
934BF877-6BE0-42C2-91FC-946F47DE0B32,12556D6C-0231-435F-AD97-B3604B7A54ED
9A771B27-F726-4050-8E2A-9475B07ECBD0,D76785D2-BF0A-4548-879C-8A6BB08288F0
CF809312-F7BB-4816-AF9E-94C822FE70D5,EB2ADA6D-C53B-401D-93EB-B39052BD9BDD
E2BF260D-439C-4434-9C30-94DFC090D4E1,21E001F5-325B-4861-A47A-7AB9B3F53861
4FEE778C-7450-4FD3-9BEE-94FDF18F9BC8,E9331498-A7C5-44FD-8321-F2E601A26426
E945BADE-5C11-466C-B457-950D8C882BCF,6E2F47D4-E02D-4B38-8BF0-6400C2DA7623
35D55902-5F9D-49E1-880C-9520437E2B98,FC81743D-BEF5-4760-98A2-71F37E20D03F
1E9F31D4-826F-42DA-A680-957B016A82A4,A7A99C81-D751-42D0-BED8-83D7CFA968CC
5BF66740-4C99-4F0B-B39C-95914FAE3825,D8B77FDE-FC85-46CB-BF5D-31B5A0FF5059
D24DA854-E818-410F-BE02-95FA0EB37780,DBB9C5D5-C0A3-4220-BD6C-EAB1D003490C
B85DB487-8BD6-4E54-9E85-95FB9F93F1A1,2A9861D8-9DE3-4069-9425-9726F349C350
8F307EAD-DE93-43F3-BEC2-968C78762B70,C87A8AFC-B55C-4AC8-BD05-163DD40F216E
3066F103-C0F3-4BE2-892A-96B5C37458AA,06683F24-7980-4F05-A502-D04345DF47BF
51A8E9E7-63DD-49ED-A861-96CD592B0F68,21F9BDA4-4FF1-4010-B632-3428EDD22240
83C28343-9FBD-4F3C-B081-96E06914E3D5,FA6C88B7-1AC9-46A1-91A3-D9ABA431D8D4
72704DEE-BDE7-4213-8E5C-9704ECF7EC34,04C1AA74-C9C5-4C37-9BD3-0ACDDC39FE9E
6E8711B7-58D3-484E-947B-973247A21AE1,8DD19463-E221-45EF-8476-8B7A9BBE698E
3F009C44-A752-4A4E-82D6-97E865BB04D3,42FAAF9F-0704-4176-A557-41E576082BB7
336EDAD6-374E-4E2E-B3DD-98F6F61ECC6D,19EA355F-9114-44B1-8F96-3926802396AF
307BFAFE-9C60-4B3B-8D1D-9965638F7B19,99699BEC-C166-481D-B16F-BB540E367EF4
7EE5BED5-AED3-417D-81A3-998193365C18,66C46A0C-E2AA-4264-9E51-338BA05E1537
6DF9AA2B-3AF6-40B3-A277-9A454C8ADB21,FA546EAF-87B6-4305-B619-1526523DC13A
77CA1BA3-4449-4D37-B6E2-9A5781B88C5F,BE5415F3-9726-452F-A5F5-682B9D8AB465
D19FD13D-8984-463A-BC94-9A58725CAC8B,764010CC-4CDE-4FCA-877C-7245ADF7CF02
2F1BF35F-FB3F-4DFB-8D9E-9A96EA4DB7A8,4A25245D-36A8-4D2B-878A-70E5FE99CAE2
FA92C8E9-63DF-4C28-822D-9ACAFD5D8E87,BEF8D7DB-C4A5-4A6D-8466-D92000DD163D
C418E437-BE73-4CEF-804C-9AE9DFA12149,BB86F974-77E6-42B8-88B3-2A020C97D2F1
4DAC3733-DF70-4D4D-8589-9BD2869E62C2,2B0AA324-3958-4BA4-A117-663EEB696575
0BCD7482-76A5-4E21-93FD-9C820BC851E7,18DF74E7-44B9-48F6-965E-BF00F2CDC652
B792A46F-B1DB-4DBD-9888-9CED269208D1,371FD7BE-CBD4-4FC3-B273-AF6FB7AAB69D
D9A8DE8F-8799-4B42-AB81-9CFB6C2C9B48,E0D7C5C2-DCF7-45B8-BA9E-50055DA0A6B0
D956B45E-58A9-4B90-9D73-9D3C06CCDABE,86036E65-7E86-46F8-81C0-082ACECF4430
FF5BD5D0-A3B7-4B41-9859-9D6EDDD7EBD7,2A5DA337-18A6-479E-9CC4-A4B896611774
5B7D9104-94F3-4547-A353-9D82A44F84B6,DCC6CCBF-45E3-48AE-8D46-E44E1F06566D
5215AFCC-100E-4BD6-AE89-9E0FF7EF7C71,CB8D5C70-3A5F-4222-8FB2-B53ED2A04BBE
5D09A9AF-57A8-42C7-AB0C-9E5028FEE517,E7913213-A18F-475A-B71D-30A8E257EBF8
E1293C34-AD95-4EF6-A29F-9ED4CFB9F578,316AE84B-3A43-4FCD-BE67-A27F0A86782C
39BA4DEC-9E99-4CAA-A4C5-9EF9CB865D5D,000617D9-5D5C-4788-8DAA-E0D7C25C5564
DC96794F-A22D-4A2F-84DC-9F8CC9E7B885,80466F31-2C06-45E9-8308-EAAFDDDF149E
30A06478-913C-48EC-9377-9FA7DB6D630F,B2E02831-D6E9-41E4-A521-51FE1040B2F0
B25593E9-F2F8-4256-9A78-A00C0724371B,3BB34430-B057-4883-A54C-82C64ED0BDFD
24D6FA28-AF42-4BD6-8FAB-A03EAEE4BA14,831A3A5F-2892-4AAA-8920-E1F9C120A99C
1C048A1D-4A36-4B3A-ABE9-A064B584A713,23BDBD2B-B141-4B46-9744-F5100FDFF0E2
058A1BA9-3CDD-4A4A-8C23-A064EE652A18,B40E80FD-AB4D-4566-BA7A-CD72C921A6FD
823C2556-B01D-49D1-A443-A08C1517501F,5C0493E5-ECCD-46DF-8940-51653FD5340C
11D16910-ED68-4A97-A94A-A091413F55F0,EC791B4A-0BE7-4043-8BCE-25981397158D
9BE79F12-516D-47BF-BD3E-A0C7F3EABC76,18C4C929-7ECB-4AA9-B63F-CCAF9F5BC187
191729F0-7AEC-42D0-A326-A1983D1C0D5C,87935A80-BD3A-4D6C-9972-38EDFCF0C74F
5EB0CE12-E4F7-4BBC-AAB4-A2269135B199,BC7292E9-8B96-407B-A0E1-679A2A34E7E8
F9FE3132-F7FB-406A-8F9B-A2314716DCDC,8121793D-802A-46FC-8A7A-44DF58575061
D502667D-5564-4642-A6A7-A24CC3BDD95F,30667FCC-EEFB-4AFC-A77F-23648AF6298B
0F7C335D-45F0-4417-A308-A262DD5EAE5C,8B48DDB1-9D79-402D-A1F8-EFE989C9E152
A486DB18-BC77-46CD-B225-A2BDB02CEA5A,0A4EFB0D-099B-450E-B9B8-4722C356B65A
8F6C89A0-A594-4649-98BB-A2CADF51EFB1,87451D50-093E-4175-A9B6-4B93C31D15B1
49968963-A44A-4D3E-AB65-A2CE110A4B78,76FE71A2-1304-4819-9DA2-7445873FC2AB
F6BD3CF6-FD3A-4A25-B6AC-A30698049E68,FC826BB7-B34A-48C3-B886-EE8A712901AC
0304FFC2-ADCC-4CCC-BBFD-A33CC59734D8,DBCA232A-926C-4535-9E77-1456F08E42DC
E1BEBCAD-813F-42C0-9652-A3AAE889D67B,3F270072-009E-4BDB-A7AE-536793500A59
3689B55D-AB67-4C9F-AD39-A3B81634A1FA,FDC09976-A10D-4A2B-BD98-44BEE9671995
31A4A798-BC8E-4B8E-8DD3-A3CD608D7308,B394F078-CBB8-40B9-A364-73275D7DBB18
1704FC36-4B81-4B6F-B883-A3EDEA60ED66,8C953E95-B3D8-4E4A-A64F-EA29473814E4
98D68226-BF33-4406-A04E-A3F1DAED3D96,E7AF7CEB-BE1D-4FEC-89C8-82B179AE56D6
0DE1816E-4134-4157-AC9A-A4667EFC05C1,88769340-8721-4755-8A58-DA9E7EE39DB0
CF816596-3C7F-4ED2-A964-A491CC1BC107,026DDE5A-CF98-4615-BCA1-B3FBA51F1195
2E477792-BA87-44F2-928B-A4CB6F3532B4,DFA6292E-1093-4340-8AA0-1F0FB9D330C8
98E26713-B934-4DD5-836F-A505304DFE62,ADFF2650-17FC-418A-933E-625F6CD18BDA
16825C0F-1A25-445F-8684-A5271F221D0B,1977F28E-8DBE-4570-9477-4A1CE065D2C8
4A66B970-5FF0-40FA-A011-A5FF5EBF2B7C,E32716C8-D275-4D74-AFCF-B44909BD36D3
99DC4AE9-9443-4F7E-AE28-A662023A7AC4,86D97A82-57B1-4BF2-A5DC-CC2EEFB2521F
223E3AEA-8A2A-4550-ADD8-A695259AB19F,6B464182-B034-4F50-87EE-E3CD4132E0AB
0F4DE4E3-E2AE-447E-B151-A697DEE46D95,34D6FAE5-01D5-45A9-B524-C35F8CF6865A
CA1459D7-47EF-4C2F-BD60-A6DC9FD53A24,082EE51A-7313-4557-BB70-3B9A7748D3BA
FFDDB212-953A-49A0-987F-A6E4BF6D523A,1A95FD14-3B3A-4471-A625-A7012C2C4479
95991C35-4EAB-443F-BEF0-A7C6ED5B8E69,41C36E21-90FD-4983-BBD5-481415897B21
541357DC-15C1-4043-9100-A8890C3D00A7,2D75852A-03B8-4E1F-8A36-C52BE20E47EC
E4508913-0E5C-43C6-8B07-A8A1630929B5,D0281134-029E-4B25-8567-A4603773D5EC
2C83A7FB-2AF8-45F9-B267-A8BE6A8CEE82,90D837EE-1931-4A20-BD92-4B5340EE7CFB
03C61FF8-9365-4245-B91F-A8C37E44102B,E980373D-56E9-42E4-8775-F50CB99B9E9B
2D877106-16C3-472A-B683-A94852E72CB9,5ABAC2C1-B093-4439-A068-C3B0DE8271F3
D4A97072-77DC-4578-B3EE-A95F2B34E7A0,7317EC23-F85B-446F-811F-ED380CE4DD6B
4344A0D7-5E39-4220-BACC-A996F5B51741,26DD204D-B1AB-4166-B75B-8BFBE4CA21FA
E1472251-44D3-4350-B319-AA426C910D0D,B863444D-31D9-4C17-931B-892B5A773153
3727CC00-EA6E-47BB-A4B2-AA7B723A3AD2,525CB85F-1F2D-47F0-A088-0C14EB029B12
30585921-1B41-4401-B763-AAC15ADAD0E0,999DE684-29A7-418A-B15C-00AF16D7A99B
ACF07F2D-CBDC-452F-89D1-AB0455DD0B71,F68CF363-91DA-4C17-A868-A5DD11D2228E
14141160-A89E-414F-8CAB-AB0BC33907B1,15263B69-CC24-42A4-A579-01EAEA850581
9892E7D0-C8CE-4002-B7EC-AB0D25DF213E,2F371317-641C-415E-946F-D35A6BC47F29
CC40EEED-8ACA-4D63-8D3B-AB3CEA70CCFE,14D76BD8-69FD-4411-81ED-C1F90642548B
F5D4ADB6-49FB-410F-8D81-AB4B03159D35,81E3A741-52B9-4B40-99CC-6126FDF4308C
33733FBC-1E80-4FD3-AEAD-AB9CDEF27876,9EC75A88-3ED7-4D4A-B58B-5A0B3C7802D6
6DA76F49-7663-4FA8-B4CD-AC624DC82DC3,24041178-7AA4-4838-891A-431472D32D15
B12034B8-92B3-46A6-920C-AC71726630A9,7E569A13-EDFA-47F0-886B-907B5D34E3BA
6DE5F892-C387-41B8-A979-ACAD6DF15698,F0169962-E3FB-433A-91E4-F21CD64D2452
8E3301F6-E79C-456E-A0DE-ACE82E4EF6C8,CAEF7FA2-AF4C-47F0-91E3-ED4F01093624
374094F3-8289-4675-B796-AD0C5AFBC791,F7462BFA-7954-4EF3-8A99-0C10E8E6BE58
635973F7-A4F7-4677-8968-AD33EA4A2F35,5A713A3B-F24A-407A-BE5F-D4D79D80C5BD
3F381BC4-CDE4-461B-A1EB-AD33F726B778,EB1606E6-77A8-435E-B8EA-7AB32659968B
FA4608E1-DA7E-4321-A9D0-AD497D82C555,17C7AEE1-8C35-4477-A8E0-B5217D7E5E35
C3924BC8-3974-4067-A79E-ADE29860FA3A,724402E7-467E-4712-815F-D26373DD5212
86EFBE5D-A44D-47AB-8C91-AE2F813A779A,81D1DA87-B464-489D-B815-2185E0B29D9E
CD868A1E-8AFE-48DB-8D9F-AE8A8D0B8A4B,32AB1A87-B6CF-4D2F-9139-66A6AED997D2
72549985-D05B-4AF6-B075-AE8EA6A0FF01,F8F013CD-523E-40CA-8B36-9DC1A51C72DA
FC8E36F8-89FD-440C-B68E-AE9490E14EA8,820F5266-7C08-44AF-95D5-8080DA8CE270
0C3429F3-DDD7-4C67-9CBA-AEFC7F5D3CA4,FD69C40C-773D-4B90-AA50-EC1B4932901C
8CE9012E-0B6E-44D9-8171-AF22889F0313,437F47B2-1D9C-411F-85C1-60B1D1391107
E179806D-5ECC-4DF2-AB5A-AF655588ECBD,A59EFFE7-A209-423C-91D1-2860A8E4D098
67BFF96A-E21A-448C-AD2A-AF74E795696D,5880E8DE-8A76-4E2A-B6A7-0467D38AE06A
4784C336-A179-4BE7-AB84-AFB11DABBD52,83783A94-D9A8-448B-AF4C-D1E6A4467424
329968DF-38A9-4FC3-A557-AFC197DFDA8D,E5ABF739-3685-48B9-8B53-2E90193796E7
6631B0A5-5645-4045-8F55-AFC47843921D,CDA5FF6C-7DC0-4EEF-A019-28359A0C9E31
633039D7-3982-4EFF-83F4-B091A3314A97,460B2221-B08A-4816-B0AE-CB0B71585485
7FB27286-9B58-410B-A792-B09821AFFEFF,A3B7E685-7B54-4273-9195-222AE64D639A
E973C88A-DCB6-4DDF-B587-B0C453B3EB86,AABED1C5-1E02-42C2-B68E-EE72E6DFD9DB
F9632512-4E4D-4F2E-A87B-B0DFB2B90761,BE7715D1-680C-44B9-9C9E-3B0495E520AE
165821CA-A049-4003-B12C-B0F7E635C015,6D3C3496-AE5F-4C53-B114-2320EB01B905
ECD85033-536C-49E2-B22B-B11C151EBFDC,2A431271-7077-451D-85C6-277CF0018676
FF2D316D-A7D5-406C-AC3A-B1206F06E0B5,B8AF4C2D-AB1B-4644-A677-907172262E91
B2F6D30D-9986-46C3-885F-B1840552818F,18F887DC-60E3-4130-96AB-A7CFDD3439ED
A1C12196-26DF-40AC-9623-B1C4E07D1BCC,AF5C809B-E7D9-4F46-8776-0C710D8FC6D7
D61F59F2-FD66-4E75-A2FD-B1E20A99BCBF,A65182FD-D6F6-433B-9F1F-4A813297DB72
C3B842B1-5B64-4CEA-896E-B1E22B23FB95,B8E07B83-869D-44E3-AFCA-95D64BF5244B
5B708B96-B307-43D7-B58E-B1FCCE718FC3,1000BD1C-56CF-41DB-AE77-14065C575D65
9EA8848F-643B-4EAC-8B9A-B20F7AA80835,DAC1C70B-7383-4489-9666-9AAFAFABD2C8
46F7D065-54FC-430C-9B31-B270BE0A9435,BC32E375-2AA8-4F5D-A5BF-9BFC5CE6AF07
5A5B1B2E-166A-4698-83B9-B27545AEA0A4,472127AE-F467-4CBF-A740-82F9F98EA391
766AB4CA-8803-4C8B-9138-B30DDA929DE0,980E6AAE-A2F7-4D26-A679-D46F95331FD6
DC1EFAA8-B3B8-4ABD-872F-B3594A9C627B,DBA684BA-72C5-468A-B5AD-492CF9EF8177
61E0DB29-7D9E-47A3-849C-B361F56FC737,C0717CB4-B114-44EC-8733-A25D6C43DB77
28A4508C-B175-403C-8B29-B3813F8B7308,46751C37-9F5D-4149-BB5D-DD4560B4A392
E957BCB6-DB3A-4AFA-8ED2-B394BEADB69F,431D623B-BFD7-45FD-B957-08C1EC7E8025
02ABBFA0-3183-4B7E-919B-B3977D1AED8F,3FF503AE-7736-4FD2-A2C3-ADDF0E5AD57C
8792054F-548D-4EE9-9E8D-B402D9BBB40C,596F659C-E774-4581-A6F9-510370664FF6
5380EE6A-45F3-4E7D-AEF4-B44D43F20C11,567ADD45-7B2D-45BD-B3E9-B75B43E88577
0C1A90B3-66A6-49CA-A4AE-B49CBEE70137,8D2D3ADE-BB8A-4E39-94C3-278F51E86456
72C57988-D98B-4227-B58C-B4A09F86979B,5D6E3B99-1648-4600-8175-2E88ABF50BC9
765FE721-13DB-48FB-A201-B4A65EFF206F,09BE98BB-40F4-4498-9ADA-5A3D206C652A
9A6E4E39-917B-4898-99D9-B4C678587D86,3913E0C6-BC32-4F7B-B07C-5DF490D968F4
F2E60673-E58E-4A24-B5C1-B5A304E037B3,07CFB2BB-78C6-4DAF-9743-382A443DA9B7
21C2F2F2-9877-494A-9DC4-B61C2149E56C,4FA87FA7-2BD4-4106-A22A-D961790769C0
87834981-A31A-479F-9D05-B65983C89744,7ACE2EAB-ED33-407C-8C14-EC8FF87DDAE5
228B8EF3-EC0A-471B-9D1C-B67728C8553E,D74BA7D4-0F90-4D27-B90B-F5D621C1C05B
29959A2F-10AE-443B-B379-B679776A2571,A9BE6715-D795-4D8A-864D-C45BC7F51F6D
55855230-F589-4FF2-9AF8-B6E364BB76BA,BDA4692D-6606-4050-A373-F07559FDFB9F
15B30BB1-E7C4-4DA2-83F9-B808B8B0181A,553E9A20-24BF-40C1-8210-BC2A555CFAAE
F7B98CDA-B4D7-459B-9880-B855B6C32AA4,AC9A862E-03A8-43D2-B0F4-95C84323ECB3
4CD1A03B-E47C-4802-A682-B85E0F5A4EA0,B028884B-65A8-4621-8546-465175E19324
87DEDB94-E978-4509-97A4-B87120C845C3,0AB7B2E6-5410-4128-AF34-148E31FB556D
54E93370-F509-4939-B95E-B8C5A5550BCD,EDF7EF07-4F38-42FC-B1F4-12857A165C67
5CAEC192-2AA7-420A-B55B-B8D12F5CEAE9,575C9BCC-D5C0-4E91-8D76-3A098C20A255
49720E41-AF2A-441F-A79F-B8E0A8812FFD,B8B1C0F0-FFE0-4B5F-B75C-EF87225BEEFE
4EF74718-DDCF-412D-B435-B8FC674F08CF,0B482D83-F619-4D0E-B1F1-F353C1BB267A
2019C539-DBF1-4E6D-912B-B99EDB9C1765,2F0C2D1B-B44E-4F78-8E9B-F943BB6737D8
DE40CF8C-06CE-42B6-9505-B9AB3C9DB404,879BAA69-9B33-4D43-9626-BCE7D1EE2545
D2B970C1-4A51-47C9-A440-B9FF7F7CC61E,5C211AA9-7D7C-4AE8-B85C-5DDA978CB071
5CE9E8DF-04A7-45F5-A608-BA1AAF5226BC,67101ABB-A9DC-403B-9C77-DE33EB780A1C
316892A0-ED52-4C2F-A504-BA4EF4B16992,7940C17F-01CB-4791-B7CF-951FD820C933
B943AB3D-6F94-4BE4-A757-BA95BB8180F9,4B1B7026-6B3A-47FB-A74C-B1D792AAA8B2
F8718447-40F5-468B-9C8D-BAC272B0FC43,94F647B6-B2D9-44E6-86D9-E3F140168BFD
7DC2DE0B-C1B7-40AB-A05E-BAC5704BFDA5,B8BB7B42-37DE-4D11-91A9-6C7A5AE53AEA
CD80554B-63F7-4741-B6D7-BBBE4108F56D,BA0FAB36-4C67-430A-AD68-C2C76545707C
EDFB66E9-5C7B-4AD2-ACAF-BBEA8BC65107,BE7B44F6-AE37-4A0A-B7C2-F80B91F15860
49707BD7-5C63-46F2-9AF7-BC14D5C5D12B,FA0CB525-6F05-4B4B-8C5F-DA154EEAEAFC
87FF75AB-5F15-42B2-9E7D-BC23D05ABAFB,7B54B1F6-F3A6-41D2-B449-8179B23A3533
2B4AE513-F28A-4563-9328-BD1184959BBF,DD9C5816-F682-4CFA-9280-DFCDD8D4D93B
FFA34782-1C6E-4707-A5F6-BDA018F38BCE,902E3CE7-D3E6-462A-BC7C-FCF3DB9F7333
39E668C6-C2B0-468A-B027-BE6EA5DB9B84,BC1B5591-1019-4006-98DC-56C1AF54EF2F
5C6E3E4F-15C3-4CD2-83EC-BE94DFB0B3FE,C17D002E-734C-40C2-9D19-E2DF5E469F3E
69E7039C-F946-4756-941E-BEAACEBBB18A,197CB8D5-62E6-4351-BAE3-16CBC3A8C3BF
89617D28-5897-4C91-A783-BECEB371FDF6,99E204E0-BACD-4534-9B8D-6D5B0A56C4CE
B8F7D146-B3F1-4FC0-9DE9-BF2FAE10D391,5FA9C33B-2F5F-46A6-A67B-3F80A0402A22
A1917CEB-15F7-4EE8-9862-BF5C2012B201,8F3FCB66-31CA-4DB9-A057-2DCEF31C0673
1F42CEE9-3395-4BC4-950D-BF933FA07F85,3E548D8F-F07E-40EA-8F23-2192862304BF
7D301D49-38B5-4115-A9D3-BFA34720BEDD,2693C6A5-F17A-4DB7-B4C9-93845CBDBF65
34F970ED-FFC0-4573-9CF4-C024EC999449,1F8F676B-ACC3-4DC0-80F1-961041F2F2AA
19499F51-A38D-4F3B-8B39-C0399CF61639,1B31E79F-0763-487B-9F87-75241101D856
A6A76249-BD5E-4745-BCBD-C056F23911C7,AA3F6FED-3157-4A04-811D-8ED6D3B9F377
0A4089AF-C70A-48B3-B64D-C05E72287AEC,33B85B1F-EF5C-4947-BC5A-C32BC4425468
254D4593-7010-4A9B-BB57-C0B941FD3090,330E69C9-C507-420D-BD02-41F9F3B32F0C
5D490CE8-2900-4327-B846-C0CFA31D69BF,176B3AF8-518D-4E95-9F8C-E4CFB4440813
70891C8B-D242-430B-92E8-C105667D789C,BF8DE129-7BF7-4BEA-99EC-8848969A3D26
CE9A8E84-5B19-4FF0-8FB5-C21C76387E38,A3CC833A-33A6-46D0-B43E-A171A56DBCF9
DA505210-5CC8-4B4E-99A0-C288D2A0A17B,D6239658-4762-470A-B8AD-C9B26D27369E
5E7D86D3-C084-4FE8-A241-C2A8D9C4BBAB,7FC57BC8-559C-4FE2-A470-F1300BED8CC7
D1896DDA-16DE-40D6-9ADB-C2EC2984CBD0,C1F910A6-4E9E-499A-950D-B946EC100156
1DE30079-F8A3-4F95-9DD4-C32E624CF5EA,A6C112F8-1EDA-4C2B-8D4F-34CE0724F14F
490020D3-DE4A-421C-9912-C3C439B1E2E8,BAF6B770-C873-43F5-8D68-A8053D10D03A
94304190-453C-44CC-8A71-C45EBA06B08B,BB1B9B9E-E9EA-4E10-9408-C39A61D8BC1C
88C3C003-E301-4E76-809B-C48E384EFE67,EAB7731B-9985-4FD5-B35E-AD4F20F30E07
F1089B7A-568C-4D06-832E-C49177ED2337,3B9F0511-305A-4886-A3DC-96077E1F4191
80445026-6626-49BC-A3DA-C4A074DF93E5,CCCDAA63-3968-4D07-A3F7-BA062CEE7000
C397B9F5-BE84-4583-BBDB-C4F6FC5CCB0E,35C9713E-0BFC-4C62-8CDA-792C023BC89E
C61DE1AD-4051-4DA9-8CFF-C545F9B4960F,C17A64C5-65DD-428B-8261-2D47C4C9B6B0
B7F4A38A-66A5-4552-9A04-C54A052A35CA,D39F42E5-EA32-43A3-8BA2-474ED3820DB7
C3F81F46-CD61-4A08-A91E-C63162B9150D,4F1CB24A-4B3D-46F7-B88E-B8584D59E5AC
36410910-206F-47B5-BDF1-C65D975832A4,0F46F2F8-54EC-4F64-9B50-22E5EC1D6CB9
0C5DCE7A-C050-448B-9CB6-C6CA11E97FF1,9885DB20-052D-48CB-A25F-A1422DD1821C
A3FD3829-C91A-4101-9E01-C835F24E0B6C,7B4ACFF1-6718-4800-BD6E-60AB37AC0392
2C388933-7756-4C44-8876-C83FAD7DCC1D,F4DA96A6-D8C5-4677-B492-C65C0AED2594
BCCFDB1E-0CA8-4816-891D-C85E44517DDD,1659F309-8E89-4B01-9E82-F6C1EDC3B22C
FA339ADA-6186-48B4-844A-C922B46E08E1,3104BD82-AC2C-4688-BD0F-FA08A250C29C
5F4B58EF-7ED4-4448-B2DA-C9CB84F30458,AD01C448-34D7-4CA0-9648-B2E935363E23
29628702-9C99-4252-AFBC-C9DBEE9195E2,11364DBC-D8A0-431F-A366-63BF873A0E3A
4132F6FF-7CA2-4F12-B6FD-CA592CACFD1D,0145C158-78B4-4D97-B887-E1A62BE502C3
62B38B49-68A5-4B34-B52F-CA67A7FDD33A,4F983168-31AC-4876-9291-DCD35C094464
34D75545-6AE3-4622-B806-CA98241F3504,9D8219D6-8703-4BB6-ADF1-FAF66386679A
731EF5EC-6224-4F43-A3D7-CAD9124B4E5B,0AB2FB92-0676-4F9D-B550-E795B6C5F380
4A91374A-F8EF-4977-8610-CB0E07BF85B0,A68F4E94-EE1F-4B1A-AADF-ECD98B560E25
2FED27D1-E6BA-4502-B217-CB9FE4959727,6EDF8F52-5D6C-450F-A5E3-664763E5A848
60190BE0-06E1-43D0-87E4-CBA7897FD260,6EF59B4D-3571-4BED-9E4A-227BF023E8B4
695ACCBC-1C38-458C-9C06-CC9405538504,FA98ED51-83DD-4E0D-AAD3-DBB331FC5BCD
FF387B42-686B-4D00-BA45-CCF087E81E2A,93F85255-A4FD-4556-84E3-B8141C8C8577
3B1A6371-D1F2-43D4-954E-CCFC09346399,F1EBB601-70AF-4425-870B-76A73C8726FF
616AEFE0-D100-449A-9480-CD0E237BB066,A5576116-053B-492E-9E6F-9AA18F1DE206
9FD7B0B7-CF1A-431D-9B15-CD176F956307,254CC244-593E-4813-9973-13DA97AD95BA
36867691-91BB-4423-93B2-CD1BECA922A6,1F635B34-6756-4E8D-9267-78F4BA2BE47E
87F382C5-CA2D-47BC-B76E-CD1F56FF6980,1491FB57-F2F3-468A-A284-D9B0A2085B99
59F5F9C2-F06F-4A32-8E0A-CD6E1A42FB96,703EF76B-9391-4D92-B60D-1870BC933689
D2885F64-E4EC-4933-A8BB-CD785F2A01BD,1DCF99D2-7E03-4FB4-98A0-5B0259F0FC5A
2A8B8917-EADB-4B32-A727-CDA47154FE88,A1AE2C39-22D7-45C4-A991-ADC1753146A0
5CB25C80-D020-4AF8-AB20-CE05920F6431,1BD6B417-46B8-41F9-AAE2-4169A068B4AB
B5E5A6C1-14E9-4230-A0F6-CE30CC8C7FF1,62CF61FC-2877-4589-A012-B6784EA984C4
D798D7B3-A120-4FA0-9601-CE83E4517D46,9BE86A63-F205-4223-8FE6-BF35A1F08A5C
7B153DF0-0E5F-4B3E-BCD3-CEDAEB1F4E93,9D5BDDBC-E880-4FD1-9809-04FD12AEFE26
F4AD834C-078E-4A8D-89FF-CEDC105A8DAD,95CAD4E2-BC26-48EF-AD9E-8258EABA148A
83DC41A1-D02A-43D0-9428-CF7B0371EF6D,B9C92ECB-75AA-4B4C-935B-A16A3BC7C787
C32B1B4E-1ED8-4072-A69C-CFADCAC77F55,ED62D207-A8FF-4CC8-B117-C44F78905758
BC9252FF-CB55-4407-96F2-CFD66FC9D200,36B98DAD-82F2-4ABE-846B-1B55FF3A9357
421929F7-ACC1-4617-8E2F-CFDB7F756135,65665301-E47A-4B72-B0A7-5A02AB1E72BD
D289494F-84B2-4B51-8688-CFE96E322CA3,FBB57478-B3A0-44F6-B313-1D6268F7FB5F
E3FB1F61-0361-4AE0-8242-CFEA7C69F537,2037E2EF-FF34-47B9-ABE6-182E52FD1598
3CD8EAFE-A332-4E4C-AB74-D08ADBE8644D,EFCB62C1-AA9C-425E-90AA-C4B5BF30DA92
20EC0E82-A8CC-4BEE-800C-D0903FE774F7,08076DCA-F891-4DA5-8ACB-D673ADBAD13B
E6B58DC5-08F1-4D54-A8EA-D09338302423,89AAD8A0-414D-43AC-94F0-9CABEC4EFF54
CCBEAECA-9287-4393-AA93-D09699F4E069,6385E01B-4CD2-4CFD-8D09-D35924CFCBA3
3C6421A6-403B-4F38-802A-D0D3EC730F34,8E407865-3943-4024-84D9-72515A710354
0826EE5D-26F4-4A62-AEE3-D14DDD157337,56F4D26A-70CD-42BA-AFC8-9039CC0CC247
19A40B40-E235-4D49-AA39-D14EEEFAC508,2D03C259-F326-4245-914C-FF24D57E7FFE
DC55CADD-EA1C-4626-B3A3-D1D630E41942,751A63EC-5321-4C49-9FE4-4B7F8C0514CE
22501407-8029-4688-8B96-D23503E51C3A,5D7C6608-4C29-4AF1-8678-1196322F7A63
3BE0F70E-600F-4924-8D61-D23596CC3EF8,FC171B33-0D6F-4662-9810-5A53DC8BD4CD
663FB4CA-1C6E-4EE8-A29E-D29B5833228E,A9650A18-FC39-49D3-89BC-A1FF2720208D
F2C140E9-4C4B-48D1-A44E-D2A66EEF06BE,9014D8EB-47AA-4BDE-81DD-26ECFEC22C97
D05E7C5A-2488-4D8A-AE25-D2B338D78E27,AB0B8966-FC85-4750-A5DB-71BB9391D1FB
41DE17CC-2F59-44D1-9F6D-D2C684376309,EC33FB2C-7906-4436-A32A-1D12F290642C
3D362757-D482-49DD-93C3-D2E82F9D11C8,69F3D246-9CFE-476F-9911-4C434C2EE883
F2F104D5-EB28-4889-BFC1-D3160A04E270,DDB80C67-2AFD-4816-B02B-99A2800DBA88
6DF4E483-ADBE-4DBE-8DE7-D363D7CE0A4E,B88F7D53-670E-424A-ACB9-FA4B12056570
90E4A73D-9213-4955-BD96-D39BD7CAC23B,EC70E9B4-A232-4ED1-9584-C7FBAF13B7CC
B87F3AC7-2CF7-47B0-924D-D3C463205018,81C65F6D-F9A8-4F6C-BD53-DCB579D7ED8F
40F1454D-22B4-4AED-9869-D3D0AEB00AC5,55707978-2509-43E1-B2D2-668259EA1DCD
0F334FF3-A9BC-4100-89DF-D3FFD1A8446E,A551E84A-79E6-497F-8BA3-33435399F3E2
BA87A9CB-2A6C-46B5-AAEF-D486E5AB44F7,20973387-FBD6-4DD0-BED6-60ECF5D9CE74
2B207775-9F18-480B-9D77-D4B76A6ADA4B,8A1F59F9-AEA4-4EF4-ABAD-56DE1BE252ED
A1CD59D8-3097-459E-852D-D4C26DA87E4A,8DD1F3F3-657C-4A75-9199-DCA4A06A4820
90A1FFE3-CB81-4D8E-A8F1-D59D43034C1E,DDC93225-3BE7-4678-B95F-1EEFAE43F0E2
800AA01F-4A13-459B-8D11-D63E2E0907BF,AF775470-D9F2-4650-A8E0-7B5DBB1FCE12
D19C434D-EF34-48FE-A34A-D660FEBFBEEC,C590DC6B-DF1E-4214-93C7-66CAFBC990AA
74DF6985-B6EC-41D3-B6A8-D670A739DFAD,BAAFA9F9-9B0D-43CB-8D4E-85576A54AC83
B966DAD5-9A7D-4E64-BDAF-D6B597A82CB8,9F52CBA6-8851-4F71-85A5-0595D2B25732
3293D062-70E7-4DFA-9F7F-D83EE80808F1,7CBC95B9-772A-45DE-B930-E918C16B3B00
9C0588E2-8DF7-4192-AF52-D877A56FF4F0,F1447B6E-9D39-453D-B004-12899914A920
3DEB83C5-233A-4995-ABE7-D8A9985EF1F6,414E678C-1025-461B-B26C-2370FA4D8CBB
8AF4A903-FFBC-4B40-981D-D99EAFD4FB3F,188EE7BE-3DD8-4373-A1C8-7E68FAD0F921
349CD41B-5C89-4A86-BBBB-DAB73C0ED1E9,839BD26D-A851-40F9-BE40-79FD447E8535
DB8FBB3C-F706-4D2E-9EE8-DAD0A1CA87F2,55EA3812-5A13-405D-AA13-CFFC544A3422
CF8F12E9-FAA1-4D32-9423-DB022C3659A8,57D05522-C67D-45D7-8D41-9990E90E7D18
BF23B954-4A3A-4B86-B881-DB3483CA1326,DE12C6C7-7741-4447-B8C9-EE06E0BFE146
9E2422A8-8B31-4463-B326-DB5350811F56,CBC37CEC-E5ED-4346-AA69-ADA3EC2487B7
490AB248-77DB-4F3D-97CC-DB6986F66B7D,4BF90628-4638-4045-AFA0-C509EB05D250
04C3EF64-2138-464E-8A12-DBBA448E1489,876E12D1-0B05-4598-93D5-9F4734355712
4789F839-CBFF-42CD-B93E-DC900B11CC0E,D43D53EF-AB13-44A1-A743-7511704BD7A9
4699218B-FF90-474C-B71B-DD0E5636DD01,1936677C-D986-4C4F-9590-1D29357DA602
D654215D-077A-4085-A8B6-DD886B163734,A04E1489-5FEA-4B3D-BE42-23B63CF1A869
5EEB98F3-7069-4B2E-8821-DDA25B119379,0CB47FFE-E7C4-4F99-AEFA-8DECAF379EC1
6B4FAB91-4207-4389-B7E7-DDAE0117AE97,A9C9CA27-432D-456C-A455-71F0D67DB6C9
D1CC08BD-109D-425B-962D-DE2542CC727C,0DC81CA5-2FEB-4A37-81ED-8BFE132FE88A
8186E569-CCEE-490A-AE72-DE37D073BB74,7BFB9C2B-B3A8-4A4F-8A7C-C1AB9F06E612
75408AD9-065F-497D-82E9-DE6E4A8347DC,7EF56078-E9FC-44E1-8560-42FD25A9C7B5
3E76804F-B7FD-4ABD-A3CA-DEDC35A8A6E0,AC30D949-4F9B-4388-B15A-A47632D7276D
3315FB21-AC77-4F81-8964-DEE712707F62,7E89DD21-97CA-4489-9608-64C10BBADDB6
4390ADCA-CB37-4652-9EEE-DF048EAEA4B3,749F4384-98A7-4981-94BD-7AFA72FBFEE1
0EE64E27-5B3E-49F4-901F-DF223F01E1F0,064FF500-57A7-468A-A050-0538000F46E6
07809664-0F5C-4BD0-BE0B-DF50784F4D71,2FC76FBE-BA38-468E-88F6-A7C6C5551C88
EA073296-EB4A-4F34-8A04-DF8D808BE667,53D36EE6-1318-4265-B036-456B9190FFB6
4C9B91B4-C8D3-457E-9DD7-E07E646D7D0E,EDDB7188-2497-480E-BAEF-B7AEA517F704
B76B3477-8728-4DC1-9D7C-E19C8AC79A0A,AF1A8672-0A47-4222-A1A2-1D8A9C21D8E5
8A101E6B-4900-4C16-8D7A-E1B3229BF56D,C1CB22FC-50AE-4F2D-BFB0-0E5F8559421F
2CB7B313-3E06-400A-A9D8-E2ADDAD98362,05DA903A-65E1-4996-ADCB-A286ECC3D9BD
9F8BEF81-E8E8-4A4C-B4E6-E30EB669FFE2,BA45C492-A90B-4F05-9CF6-0D5539A8F554
054D5B2D-F7F0-4F52-AB4A-E3A0593FD698,B21B7278-9729-4611-AC91-C3BA91706DC3
6BB14674-C3BC-4C92-AD64-E3F860C3E85D,5738F21D-31A3-4CF4-88EE-1F059EC3D1A5
1A08E3FF-38B6-412D-A212-E49DD709532F,0596BEA4-FD69-4ECF-99C0-CDBE25E22A17
6AD7E8E5-AA64-47B6-BEB1-E4AE49C07C66,98740903-2E1F-4F5B-A75F-E7F949E9052A
A29008FA-6EF7-4792-8B63-E53C944341BE,2243C87D-BD02-4D84-8F5D-2F289543F5C0
61927815-C0FB-4F80-9C5B-E55F968ABF4D,E8E26CE2-4517-441F-B9C6-46C8F921DDF1
CFB67B9A-17AB-404C-86C8-E56EF07309BC,E95A4EF2-0C4B-476F-842D-E53F0BC8F44B
9976AB7D-9A7C-4971-B0AB-E5A0B4D9B3C0,9B3DA740-8725-48F5-A817-FFB7518146D0
EF58DCEF-4887-4D73-912B-E684737508A9,AB84644D-BF4F-48C0-997A-6590404AD030
2032C66F-DE67-49F1-B9B8-E70B0AC1EBAF,2886994C-836C-4A23-B9C7-0D7BEF460CEC
56E3E09F-3926-4F87-8A99-E82F7E496D9A,55B5E8F6-9DA5-4AE6-B075-D0734A0D2B33
BB66F423-5AFE-40B3-829B-E8521C9E12FB,82E2A001-156A-4B42-BBA5-74625516BB3E
D3E13998-6886-4A78-A0BD-E96CF427FA68,29750C9F-D631-4AA3-93BA-48DE370C7F70
3AB4D051-A571-43F9-8495-EA05EBBDB074,13C4C28E-5523-4F1F-A506-1541155C6897
8FEC8334-90BC-4841-AA04-EACB4EC32B40,219A700F-9407-49FD-B812-73DF104495A4
4A197E83-2BCB-4EFF-B67F-EB6FE899AD55,461B1B18-CAAD-4F0C-BBF6-17A8B9473627
5F152E39-D71A-4CBF-98D4-EC006189AAA8,A9ED5901-EA08-44D9-A15E-268004620EA1
6CD14078-8164-4F97-9685-EC2426415A22,24270082-C991-4558-A277-0528E06DA0B2
D0526DE9-3D48-4A1A-AA02-EC353A0AB940,58D7FEC5-D6FF-4E0E-80A0-6043A9DC77A4
57D7EBF1-769A-44D4-A350-EC4A92E1F10C,D9A60442-6369-4292-B54E-05A8D1A77CED
8E96DB59-5414-4B04-A0B8-EC5770040138,0A7D3CBE-52CB-4FA8-9A81-6F48D28DF78C
62946DBA-4C2D-4E98-8E50-EC82BDB4F44C,C0F663B7-8287-456F-AD3C-17EB70884862
12D6B9C9-CFB8-4A57-B318-ED6947C6E22C,28AB540C-5178-42A3-82CB-DCE474AC1E8D
3819B9E2-FAFC-4B20-81E6-ED75270E787A,D0921D94-F0AE-4504-AC32-1B283A37E5D6
69DE3B4A-749F-4A22-8360-ED94E09B8124,F9173C82-BC35-4BF8-B1B0-9EE14E83C1BC
4B4080FD-1705-42A6-9E92-EDA5AF365D8D,CBC55413-BC9E-4277-9BA7-206FB11E8319
CAEB0353-69AC-48AB-9370-EDEA2656A3E8,CB405DF5-1A8C-41ED-A2BB-4181B08548B1
474A1EC2-6128-495A-A2FA-EE0E225D87D4,22E0286B-A871-4B30-AEC3-92C70D9ECD83
5BD583BE-2C3B-4109-A705-EE48E6189932,9C526E82-2433-4571-88FD-7814FFDCA640
CA075759-892D-4F18-9363-EE9F9A06EE8D,CFF91020-4DDF-49CA-B747-D84502FB656D
5DB29487-FF8A-47CF-AEE3-EF1B1FC468F1,02CF171B-0A77-4867-A21C-E4BDE321D15F
3A83D40E-0B55-4D2A-BB0F-EF2D48E68857,7039247E-88D4-4BA8-A791-0287FEBCF51F
362295CA-5F04-468B-82E6-EF66AD0E2D72,74771011-995E-468D-944A-4C156A1626D1
97E26465-B642-4124-9128-EF68BFE76978,5131BE61-0046-470C-9188-45C4DDB7C225
B4B14036-3F5C-492B-A2E5-F0585D3653B1,C92A8C21-54A6-4F9C-9ADB-C403953217C7
C3D7505D-1D45-42E8-8773-F0CF39EE3C3E,A39104E2-7963-4A8C-985B-B835B62ACFCD
06AB7183-5277-439B-902D-F12C92483E92,97614936-3871-4CA1-92B9-D628716F08EC
C07A0BF5-BBD3-4DCE-8C18-F132D51F8B49,0004E3B9-033E-4FC8-B5A7-A352B5D0D3A2
1F932EA9-35B4-4647-B38F-F18EBFE6218E,BE44B0E2-69EE-4361-90E7-D69FB3D5162B
3E5F05DD-B5DA-45F2-BD21-F19D94CBC35A,9B3A42DC-DB7A-45B8-BA80-0B7ED32C2943
F98FA5E6-2D94-4930-B6CB-F1AC2DD11AFF,C31E7A53-A5F9-48F0-8C8C-501F3EA23B16
B4E92514-36DD-43ED-9D78-F1CB809F9AAF,2D6667A5-230C-48BE-80C5-15B09406173B
4B4629A6-671E-4C08-B05E-F1F5410B3953,BCC4219B-3B4D-46EA-90F3-9FE7B35D8D74
62DB6A46-8862-4430-834A-F2384CC22CF3,4D00CF5E-8F3E-4CAF-A5A4-775E24A9F37E
0B0A9814-77FD-44F0-92B5-F27CB8C81517,51C17B29-B20D-4BCC-9DB3-4712BF6E782C
8A3110E4-148E-45B7-9B97-F299662616D2,29179885-91D3-433F-9BE7-6E22E32DE8C9
A1DDAB7E-4D45-4DF9-9AA4-F3AB5ED298C7,2C2C07A7-0F27-4315-88FA-9AF300D0998C
6DDBB2A5-A373-4FEA-A720-F48DB624D4CB,BA972F24-3669-4C71-BAD2-B16C6CF7888B
EDCAFAA6-BE43-4930-8AFF-F4AD8D5F405F,BAB8BA05-F198-4CE6-9EC6-82C7C84B0AB7
57096AFE-EECE-4546-A10F-F4BBA004B922,393EC300-33AE-4DE6-B056-B45699F6DA1B
B7693F27-FEDA-46A7-BB64-F52B610D4FE9,EA672AA0-2108-46F9-BAEF-33E432370157
0BD40CCE-2A22-41CE-885C-F555F93E5A92,26ABEE67-4135-4B59-9CC9-DCFF0D6AFABC
C77E18AB-7258-4B14-BA55-F59FE9DA35F7,8A80178F-B1A2-43F6-A7E8-74E537B6C919
C8FC2AC7-98B6-4DA4-9B57-F5C633FC15B1,1C5D7373-EC6D-4D4A-9DCD-A1EEF1949D16
282D03C0-34E3-40DE-ACAB-F603E420BD92,4EA2A098-EE85-49F8-9CF2-9087916D91D5
154E2266-A0B6-419F-8958-F642BF2433D0,CAC01C6E-DF78-45C4-9AA5-FC2689B49563
168682DD-C2A7-4580-8EF0-F6DC3B77B3C3,FC34B1D6-5CFC-41B7-8F6A-CEDCB167E53A
3B66BA18-8AC9-4DEF-AF61-F77F79253FB4,8C2E72D8-26CD-4136-A032-848E9D1E5E4D
0C231222-2BBE-4C39-8633-F794EE01AFC8,0C0DE2B1-B6AE-4302-9DDB-BCA511D91D1C
48E2C87B-DCAC-4EF3-9906-F7AA48440A34,21367D0C-82C4-4B97-AEA1-E0CB549FC757
A40A4F12-FA0B-4014-96CA-F852F5D43087,62D16A99-3F43-491F-83A6-CF500EC53144
D642D323-100D-4C61-BE86-F872AB48F2F4,E8FBEA5E-B5C5-470E-BE7D-890D279792EF
3003E552-C9B6-4A9F-8F13-F88D36CCB55A,51E03999-C101-4A81-8BD4-F4E2077482B0
A611A886-4DCD-4488-874D-F95C52C62F25,B78E589C-5A5C-4E89-B7DB-7D00E86249D7
CCB42962-CAD5-4E80-8F68-F96901D2256A,E7BD113A-5C25-4B44-B963-E7E47A3B86ED
B01023FD-028C-4B63-88D5-F9E4139AE186,FE58C64D-C703-4DE6-BDDF-31BE8201CE96
77204FDC-2D81-45BF-9CB3-FA7094B57865,978E857A-9E26-4C89-8FB7-B111EFC10FD4
BA4E83FA-4678-438F-A28D-FA810BBF16FF,EC4A217D-A7F1-4A76-A9AD-654735EFA535
FC01B714-BC7F-4BF3-830F-FB21F91D4E1A,7DDEF0B5-DAD5-4DD1-873E-50D84B883378
F0E4DCE8-D687-4996-96BC-FB68898AD3E7,DFB132AE-7367-48BC-B358-FF238BB0766A
C6AC2E9B-6D0E-4AB6-BE51-FBAE097B9170,CC74458D-6F09-428B-9D86-B26D8DE4FA41
A477D014-AF8A-4225-AF88-FBE75C759D17,4E643405-AF7C-4A14-ABA6-E5B678391EEA
5BF2E1E8-8AE6-45DC-8747-FCA5E444176F,95EC5AF8-E28F-43A2-A913-954E6A0ABC76
1A9BCC92-8F7F-4922-918A-FD588A12F419,ABF0EE4F-6B46-43F6-8AF1-50C2E4D2B76F
4989AFE6-5F96-4BC3-A290-FDB5253772BB,3C6897A9-0991-4F91-B695-97081733E157
271820D5-3997-4CE5-A40B-FDC52F506DF5,D808BF9A-9411-4059-80FD-DE25F3569ABF
6B84B139-ABD2-478F-8882-FDFEBCA43C9B,068E88AE-344A-42EE-93DF-1D48900B0BD4
63D4F1C5-EA4E-49AC-BD0A-FE3FAEB567C3,642EE2D8-EABA-43E5-80D7-33109120C0AA
BEAC8559-73DB-484A-9DCC-FECD42C0E328,D8CD04E7-8DA1-4CD9-B931-D10E7433E8D6
11E9BEB1-9954-48CB-AA5B-FED2ED99B40B,334EFEC0-2DEC-4885-8D6E-5B5AFF085E09
4A04768D-5C00-4F15-B89D-FEEE44D4B66C,DEC4EA7A-4B32-4493-BF5A-F5B7B4259ACE
2B2A9D6F-F182-4D68-A752-FF24660217DB,9EFF294D-3BF4-42F9-BA85-2518DA9DD75D
56464DDE-D929-4B1E-B419-FF6F59302D5A,A26A42DC-D6FE-4122-9FF6-ADD61F048DF8